code,geography,category,value
E92000001,Country,-8,0
E92000001,Country,1,41114478
E92000001,Country,2,709704
E92000001,Country,3,591690
E92000001,Country,4,107852
E92000001,Country,5,26614
E92000001,Country,6,13928
E92000001,Country,7,9963
E92000001,Country,8,3432728
W92000004,Country,-8,0
W92000004,Country,1,2288630
W92000004,Country,2,38101
W92000004,Country,3,31814
W92000004,Country,4,4534
W92000004,Country,5,1558
W92000004,Country,6,583
W92000004,Country,7,273
W92000004,Country,8,193921
E12000001,Region,-8,0
E12000001,Region,1,1983445
E12000001,Region,2,34016
E12000001,Region,3,25954
E12000001,Region,4,3836
E12000001,Region,5,1271
E12000001,Region,6,436
E12000001,Region,7,308
E12000001,Region,8,129694
E12000002,Region,-8,0
E12000002,Region,1,5430293
E12000002,Region,2,101710
E12000002,Region,3,73334
E12000002,Region,4,12342
E12000002,Region,5,3147
E12000002,Region,6,1416
E12000002,Region,7,973
E12000002,Region,8,402420
E12000003,Region,-8,0
E12000003,Region,1,4002966
E12000003,Region,2,63793
E12000003,Region,3,58585
E12000003,Region,4,10034
E12000003,Region,5,2710
E12000003,Region,6,1222
E12000003,Region,7,810
E12000003,Region,8,320180
E12000004,Region,-8,0
E12000004,Region,1,3589098
E12000004,Region,2,51369
E12000004,Region,3,50084
E12000004,Region,4,8278
E12000004,Region,5,2302
E12000004,Region,6,708
E12000004,Region,7,709
E12000004,Region,8,295499
E12000005,Region,-8,0
E12000005,Region,1,4316682
E12000005,Region,2,58009
E12000005,Region,3,50983
E12000005,Region,4,9413
E12000005,Region,5,2393
E12000005,Region,6,823
E12000005,Region,7,910
E12000005,Region,8,362116
E12000006,Region,-8,0
E12000006,Region,1,4642794
E12000006,Region,2,62516
E12000006,Region,3,58885
E12000006,Region,4,10664
E12000006,Region,5,3060
E12000006,Region,6,1044
E12000006,Region,7,965
E12000006,Region,8,368358
E12000007,Region,-8,0
E12000007,Region,1,6123195
E12000007,Region,2,158760
E12000007,Region,3,108140
E12000007,Region,4,26384
E12000007,Region,5,3505
E12000007,Region,6,4526
E12000007,Region,7,3067
E12000007,Region,8,676408
E12000008,Region,-8,0
E12000008,Region,1,6787148
E12000008,Region,2,112033
E12000008,Region,3,97831
E12000008,Region,4,16555
E12000008,Region,5,4887
E12000008,Region,6,2313
E12000008,Region,7,1356
E12000008,Region,8,532457
E12000009,Region,-8,0
E12000009,Region,1,4238858
E12000009,Region,2,67500
E12000009,Region,3,67894
E12000009,Region,4,10348
E12000009,Region,5,3339
E12000009,Region,6,1439
E12000009,Region,7,865
E12000009,Region,8,345597
W92000004,Region,-8,0
W92000004,Region,1,2288630
W92000004,Region,2,38101
W92000004,Region,3,31814
W92000004,Region,4,4534
W92000004,Region,5,1558
W92000004,Region,6,583
W92000004,Region,7,273
W92000004,Region,8,193921
E06000001,LA,-8,0
E06000001,LA,1,68070
E06000001,LA,2,1121
E06000001,LA,3,784
E06000001,LA,4,118
E06000001,LA,5,28
E06000001,LA,6,7
E06000001,LA,7,3
E06000001,LA,8,4554
E06000002,LA,-8,0
E06000002,LA,1,102027
E06000002,LA,2,1787
E06000002,LA,3,1385
E06000002,LA,4,314
E06000002,LA,5,80
E06000002,LA,6,18
E06000002,LA,7,29
E06000002,LA,8,8298
E06000003,LA,-8,0
E06000003,LA,1,102561
E06000003,LA,2,1492
E06000003,LA,3,995
E06000003,LA,4,167
E06000003,LA,5,63
E06000003,LA,6,10
E06000003,LA,7,8
E06000003,LA,8,7046
E06000004,LA,-8,0
E06000004,LA,1,144661
E06000004,LA,2,2283
E06000004,LA,3,1471
E06000004,LA,4,246
E06000004,LA,5,52
E06000004,LA,6,15
E06000004,LA,7,14
E06000004,LA,8,9268
E06000005,LA,-8,0
E06000005,LA,1,80549
E06000005,LA,2,1333
E06000005,LA,3,990
E06000005,LA,4,163
E06000005,LA,5,47
E06000005,LA,6,7
E06000005,LA,7,7
E06000005,LA,8,5010
E06000006,LA,-8,0
E06000006,LA,1,95532
E06000006,LA,2,1555
E06000006,LA,3,976
E06000006,LA,4,162
E06000006,LA,5,32
E06000006,LA,6,4
E06000006,LA,7,7
E06000006,LA,8,5676
E06000007,LA,-8,0
E06000007,LA,1,158539
E06000007,LA,2,2254
E06000007,LA,3,1704
E06000007,LA,4,267
E06000007,LA,5,72
E06000007,LA,6,22
E06000007,LA,7,30
E06000007,LA,8,9832
E06000008,LA,-8,0
E06000008,LA,1,107093
E06000008,LA,2,1221
E06000008,LA,3,981
E06000008,LA,4,244
E06000008,LA,5,50
E06000008,LA,6,4
E06000008,LA,7,23
E06000008,LA,8,9892
E06000009,LA,-8,0
E06000009,LA,1,102898
E06000009,LA,2,3794
E06000009,LA,3,1572
E06000009,LA,4,237
E06000009,LA,5,67
E06000009,LA,6,8
E06000009,LA,7,14
E06000009,LA,8,7749
E06000010,LA,-8,0
E06000010,LA,1,188281
E06000010,LA,2,3655
E06000010,LA,3,3522
E06000010,LA,4,605
E06000010,LA,5,179
E06000010,LA,6,48
E06000010,LA,7,49
E06000010,LA,8,17539
E06000011,LA,-8,0
E06000011,LA,1,262847
E06000011,LA,2,2995
E06000011,LA,3,2325
E06000011,LA,4,303
E06000011,LA,5,102
E06000011,LA,6,30
E06000011,LA,7,25
E06000011,LA,8,19514
E06000012,LA,-8,0
E06000012,LA,1,115780
E06000012,LA,2,1564
E06000012,LA,3,1400
E06000012,LA,4,196
E06000012,LA,5,68
E06000012,LA,6,11
E06000012,LA,7,25
E06000012,LA,8,8480
E06000013,LA,-8,0
E06000013,LA,1,126559
E06000013,LA,2,1565
E06000013,LA,3,1281
E06000013,LA,4,309
E06000013,LA,5,51
E06000013,LA,6,5
E06000013,LA,7,27
E06000013,LA,8,9670
E06000014,LA,-8,0
E06000014,LA,1,148921
E06000014,LA,2,3507
E06000014,LA,3,4904
E06000014,LA,4,609
E06000014,LA,5,324
E06000014,LA,6,160
E06000014,LA,7,50
E06000014,LA,8,13610
E06000015,LA,-8,0
E06000015,LA,1,184221
E06000015,LA,2,2764
E06000015,LA,3,3040
E06000015,LA,4,654
E06000015,LA,5,155
E06000015,LA,6,34
E06000015,LA,7,86
E06000015,LA,8,18235
E06000016,LA,-8,0
E06000016,LA,1,250153
E06000016,LA,2,3291
E06000016,LA,3,5303
E06000016,LA,4,1108
E06000016,LA,5,172
E06000016,LA,6,84
E06000016,LA,7,56
E06000016,LA,8,30847
E06000017,LA,-8,0
E06000017,LA,1,31470
E06000017,LA,2,381
E06000017,LA,3,292
E06000017,LA,4,47
E06000017,LA,5,16
E06000017,LA,6,4
E06000017,LA,7,5
E06000017,LA,8,2083
E06000018,LA,-8,0
E06000018,LA,1,225477
E06000018,LA,2,4757
E06000018,LA,3,6742
E06000018,LA,4,891
E06000018,LA,5,302
E06000018,LA,6,154
E06000018,LA,7,83
E06000018,LA,8,25917
E06000019,LA,-8,0
E06000019,LA,1,140948
E06000019,LA,2,1641
E06000019,LA,3,1420
E06000019,LA,4,249
E06000019,LA,5,70
E06000019,LA,6,20
E06000019,LA,7,29
E06000019,LA,8,12757
E06000020,LA,-8,0
E06000020,LA,1,134069
E06000020,LA,2,1974
E06000020,LA,3,1726
E06000020,LA,4,287
E06000020,LA,5,69
E06000020,LA,6,21
E06000020,LA,7,30
E06000020,LA,8,10497
E06000021,LA,-8,0
E06000021,LA,1,183110
E06000021,LA,2,2956
E06000021,LA,3,2782
E06000021,LA,4,442
E06000021,LA,5,138
E06000021,LA,6,28
E06000021,LA,7,69
E06000021,LA,8,16377
E06000022,LA,-8,0
E06000022,LA,1,142696
E06000022,LA,2,2449
E06000022,LA,3,3282
E06000022,LA,4,409
E06000022,LA,5,165
E06000022,LA,6,98
E06000022,LA,7,44
E06000022,LA,8,12475
E06000023,LA,-8,0
E06000023,LA,1,333008
E06000023,LA,2,8568
E06000023,LA,3,12020
E06000023,LA,4,1928
E06000023,LA,5,435
E06000023,LA,6,496
E06000023,LA,7,202
E06000023,LA,8,33051
E06000024,LA,-8,0
E06000024,LA,1,161781
E06000024,LA,2,2264
E06000024,LA,3,2012
E06000024,LA,4,271
E06000024,LA,5,114
E06000024,LA,6,28
E06000024,LA,7,20
E06000024,LA,8,12080
E06000025,LA,-8,0
E06000025,LA,1,215157
E06000025,LA,2,3064
E06000025,LA,3,2944
E06000025,LA,4,444
E06000025,LA,5,170
E06000025,LA,6,45
E06000025,LA,7,32
E06000025,LA,8,15510
E06000026,LA,-8,0
E06000026,LA,1,194465
E06000026,LA,2,4297
E06000026,LA,3,4509
E06000026,LA,4,578
E06000026,LA,5,244
E06000026,LA,6,66
E06000026,LA,7,36
E06000026,LA,8,14429
E06000027,LA,-8,0
E06000027,LA,1,104729
E06000027,LA,2,2035
E06000027,LA,3,1344
E06000027,LA,4,208
E06000027,LA,5,57
E06000027,LA,6,20
E06000027,LA,7,13
E06000027,LA,8,8626
E06000030,LA,-8,0
E06000030,LA,1,168642
E06000030,LA,2,2416
E06000030,LA,3,2353
E06000030,LA,4,417
E06000030,LA,5,113
E06000030,LA,6,18
E06000030,LA,7,18
E06000030,LA,8,13173
E06000031,LA,-8,0
E06000031,LA,1,149442
E06000031,LA,2,1889
E06000031,LA,3,1967
E06000031,LA,4,539
E06000031,LA,5,97
E06000031,LA,6,19
E06000031,LA,7,55
E06000031,LA,8,13565
E06000032,LA,-8,0
E06000032,LA,1,151740
E06000032,LA,2,1420
E06000032,LA,3,1753
E06000032,LA,4,596
E06000032,LA,5,87
E06000032,LA,6,13
E06000032,LA,7,57
E06000032,LA,8,17032
E06000033,LA,-8,0
E06000033,LA,1,131459
E06000033,LA,2,2342
E06000033,LA,3,1917
E06000033,LA,4,318
E06000033,LA,5,77
E06000033,LA,6,44
E06000033,LA,7,29
E06000033,LA,8,10223
E06000034,LA,-8,0
E06000034,LA,1,124683
E06000034,LA,2,1259
E06000034,LA,3,1095
E06000034,LA,4,300
E06000034,LA,5,35
E06000034,LA,6,7
E06000034,LA,7,30
E06000034,LA,8,8954
E06000035,LA,-8,0
E06000035,LA,1,201694
E06000035,LA,2,2979
E06000035,LA,3,2528
E06000035,LA,4,465
E06000035,LA,5,139
E06000035,LA,6,27
E06000035,LA,7,43
E06000035,LA,8,14881
E06000036,LA,-8,0
E06000036,LA,1,91303
E06000036,LA,2,1324
E06000036,LA,3,1031
E06000036,LA,4,170
E06000036,LA,5,56
E06000036,LA,6,22
E06000036,LA,7,14
E06000036,LA,8,6014
E06000037,LA,-8,0
E06000037,LA,1,119258
E06000037,LA,2,1419
E06000037,LA,3,1293
E06000037,LA,4,186
E06000037,LA,5,67
E06000037,LA,6,27
E06000037,LA,7,27
E06000037,LA,8,8459
E06000038,LA,-8,0
E06000038,LA,1,122731
E06000038,LA,2,2296
E06000038,LA,3,2791
E06000038,LA,4,573
E06000038,LA,5,114
E06000038,LA,6,59
E06000038,LA,7,55
E06000038,LA,8,12738
E06000039,LA,-8,0
E06000039,LA,1,104943
E06000039,LA,2,806
E06000039,LA,3,1095
E06000039,LA,4,335
E06000039,LA,5,29
E06000039,LA,6,7
E06000039,LA,7,41
E06000039,LA,8,11677
E06000040,LA,-8,0
E06000040,LA,1,112211
E06000040,LA,2,1585
E06000040,LA,3,1010
E06000040,LA,4,176
E06000040,LA,5,54
E06000040,LA,6,21
E06000040,LA,7,7
E06000040,LA,8,8613
E06000041,LA,-8,0
E06000041,LA,1,128426
E06000041,LA,2,1467
E06000041,LA,3,1311
E06000041,LA,4,233
E06000041,LA,5,83
E06000041,LA,6,28
E06000041,LA,7,20
E06000041,LA,8,9253
E06000042,LA,-8,0
E06000042,LA,1,202083
E06000042,LA,2,2757
E06000042,LA,3,2806
E06000042,LA,4,548
E06000042,LA,5,143
E06000042,LA,6,32
E06000042,LA,7,54
E06000042,LA,8,16408
E06000043,LA,-8,0
E06000043,LA,1,189745
E06000043,LA,2,13726
E06000043,LA,3,8916
E06000043,LA,4,1525
E06000043,LA,5,314
E06000043,LA,6,654
E06000043,LA,7,112
E06000043,LA,8,20375
E06000044,LA,-8,0
E06000044,LA,1,149768
E06000044,LA,2,3386
E06000044,LA,3,3670
E06000044,LA,4,595
E06000044,LA,5,174
E06000044,LA,6,72
E06000044,LA,7,40
E06000044,LA,8,13114
E06000045,LA,-8,0
E06000045,LA,1,177317
E06000045,LA,2,4071
E06000045,LA,3,4830
E06000045,LA,4,766
E06000045,LA,5,259
E06000045,LA,6,92
E06000045,LA,7,64
E06000045,LA,8,16969
E06000046,LA,-8,0
E06000046,LA,1,106995
E06000046,LA,2,1550
E06000046,LA,3,1415
E06000046,LA,4,204
E06000046,LA,5,94
E06000046,LA,6,14
E06000046,LA,7,6
E06000046,LA,8,9306
E06000047,LA,-8,0
E06000047,LA,1,396553
E06000047,LA,2,6142
E06000047,LA,3,5154
E06000047,LA,4,664
E06000047,LA,5,289
E06000047,LA,6,82
E06000047,LA,7,40
E06000047,LA,8,25035
E06000049,LA,-8,0
E06000049,LA,1,301391
E06000049,LA,2,4238
E06000049,LA,3,2982
E06000049,LA,4,641
E06000049,LA,5,144
E06000049,LA,6,50
E06000049,LA,7,49
E06000049,LA,8,19981
E06000050,LA,-8,0
E06000050,LA,1,269319
E06000050,LA,2,4257
E06000050,LA,3,3238
E06000050,LA,4,567
E06000050,LA,5,147
E06000050,LA,6,46
E06000050,LA,7,58
E06000050,LA,8,17726
E06000051,LA,-8,0
E06000051,LA,1,246550
E06000051,LA,2,3194
E06000051,LA,3,2616
E06000051,LA,4,339
E06000051,LA,5,114
E06000051,LA,6,35
E06000051,LA,7,24
E06000051,LA,8,19378
E06000052,LA,-8,0
E06000052,LA,1,426761
E06000052,LA,2,6453
E06000052,LA,3,6194
E06000052,LA,4,972
E06000052,LA,5,331
E06000052,LA,6,115
E06000052,LA,7,71
E06000052,LA,8,36528
E06000053,LA,-8,0
E06000053,LA,1,1565
E06000053,LA,2,13
E06000053,LA,3,29
E06000053,LA,4,2
E06000053,LA,5,0
E06000053,LA,6,2
E06000053,LA,7,1
E06000053,LA,8,118
E06000054,LA,-8,0
E06000054,LA,1,381141
E06000054,LA,2,4755
E06000054,LA,3,4674
E06000054,LA,4,679
E06000054,LA,5,237
E06000054,LA,6,53
E06000054,LA,7,55
E06000054,LA,8,27520
E06000055,LA,-8,0
E06000055,LA,1,133369
E06000055,LA,2,1780
E06000055,LA,3,1752
E06000055,LA,4,342
E06000055,LA,5,71
E06000055,LA,6,20
E06000055,LA,7,39
E06000055,LA,8,10745
E06000056,LA,-8,0
E06000056,LA,1,216745
E06000056,LA,2,2645
E06000056,LA,3,2305
E06000056,LA,4,356
E06000056,LA,5,92
E06000056,LA,6,24
E06000056,LA,7,38
E06000056,LA,8,14555
E06000057,LA,-8,0
E06000057,LA,1,247647
E06000057,LA,2,3314
E06000057,LA,3,2249
E06000057,LA,4,303
E06000057,LA,5,111
E06000057,LA,6,35
E06000057,LA,7,16
E06000057,LA,8,15171
E06000058,LA,-8,0
E06000058,LA,1,296257
E06000058,LA,2,6494
E06000058,LA,3,5358
E06000058,LA,4,829
E06000058,LA,5,251
E06000058,LA,6,75
E06000058,LA,7,65
E06000058,LA,8,25580
E06000059,LA,-8,0
E06000059,LA,1,291721
E06000059,LA,2,3575
E06000059,LA,3,2889
E06000059,LA,4,418
E06000059,LA,5,135
E06000059,LA,6,47
E06000059,LA,7,15
E06000059,LA,8,23103
E06000060,LA,-8,0
E06000060,LA,1,402282
E06000060,LA,2,4442
E06000060,LA,3,4060
E06000060,LA,4,845
E06000060,LA,5,216
E06000060,LA,6,71
E06000060,LA,7,49
E06000060,LA,8,31429
E06000061,LA,-8,0
E06000061,LA,1,261791
E06000061,LA,2,3354
E06000061,LA,3,2918
E06000061,LA,4,607
E06000061,LA,5,143
E06000061,LA,6,17
E06000061,LA,7,73
E06000061,LA,8,20283
E06000062,LA,-8,0
E06000062,LA,1,308571
E06000062,LA,2,4175
E06000062,LA,3,4056
E06000062,LA,4,888
E06000062,LA,5,175
E06000062,LA,6,55
E06000062,LA,7,83
E06000062,LA,8,25499
E07000008,LA,-8,0
E07000008,LA,1,100519
E07000008,LA,2,3419
E07000008,LA,3,4769
E07000008,LA,4,547
E07000008,LA,5,386
E07000008,LA,6,201
E07000008,LA,7,67
E07000008,LA,8,14860
E07000009,LA,-8,0
E07000009,LA,1,64637
E07000009,LA,2,759
E07000009,LA,3,855
E07000009,LA,4,134
E07000009,LA,5,61
E07000009,LA,6,21
E07000009,LA,7,19
E07000009,LA,8,4943
E07000010,LA,-8,0
E07000010,LA,1,76361
E07000010,LA,2,934
E07000010,LA,3,885
E07000010,LA,4,183
E07000010,LA,5,42
E07000010,LA,6,11
E07000010,LA,7,22
E07000010,LA,8,6394
E07000011,LA,-8,0
E07000011,LA,1,135126
E07000011,LA,2,1870
E07000011,LA,3,1675
E07000011,LA,4,264
E07000011,LA,5,103
E07000011,LA,6,15
E07000011,LA,7,10
E07000011,LA,8,9198
E07000012,LA,-8,0
E07000012,LA,1,117371
E07000012,LA,2,1486
E07000012,LA,3,1614
E07000012,LA,4,248
E07000012,LA,5,146
E07000012,LA,6,43
E07000012,LA,7,18
E07000012,LA,8,9436
E07000026,LA,-8,0
E07000026,LA,1,73905
E07000026,LA,2,871
E07000026,LA,3,631
E07000026,LA,4,86
E07000026,LA,5,30
E07000026,LA,6,13
E07000026,LA,7,5
E07000026,LA,8,4972
E07000027,LA,-8,0
E07000027,LA,1,50884
E07000027,LA,2,679
E07000027,LA,3,538
E07000027,LA,4,129
E07000027,LA,5,25
E07000027,LA,6,5
E07000027,LA,7,4
E07000027,LA,8,3570
E07000028,LA,-8,0
E07000028,LA,1,82928
E07000028,LA,2,1243
E07000028,LA,3,1026
E07000028,LA,4,171
E07000028,LA,5,33
E07000028,LA,6,12
E07000028,LA,7,16
E07000028,LA,8,5914
E07000029,LA,-8,0
E07000029,LA,1,51294
E07000029,LA,2,642
E07000029,LA,3,494
E07000029,LA,4,65
E07000029,LA,5,24
E07000029,LA,6,4
E07000029,LA,7,0
E07000029,LA,8,3484
E07000030,LA,-8,0
E07000030,LA,1,42425
E07000030,LA,2,470
E07000030,LA,3,362
E07000030,LA,4,70
E07000030,LA,5,20
E07000030,LA,6,5
E07000030,LA,7,5
E07000030,LA,8,3277
E07000031,LA,-8,0
E07000031,LA,1,81419
E07000031,LA,2,990
E07000031,LA,3,849
E07000031,LA,4,130
E07000031,LA,5,40
E07000031,LA,6,15
E07000031,LA,7,12
E07000031,LA,8,6248
E07000032,LA,-8,0
E07000032,LA,1,95350
E07000032,LA,2,1415
E07000032,LA,3,992
E07000032,LA,4,124
E07000032,LA,5,49
E07000032,LA,6,9
E07000032,LA,7,8
E07000032,LA,8,7116
E07000033,LA,-8,0
E07000033,LA,1,60335
E07000033,LA,2,976
E07000033,LA,3,585
E07000033,LA,4,84
E07000033,LA,5,33
E07000033,LA,6,4
E07000033,LA,7,6
E07000033,LA,8,4255
E07000034,LA,-8,0
E07000034,LA,1,77927
E07000034,LA,2,1273
E07000034,LA,3,1014
E07000034,LA,4,120
E07000034,LA,5,48
E07000034,LA,6,8
E07000034,LA,7,8
E07000034,LA,8,5606
E07000035,LA,-8,0
E07000035,LA,1,55628
E07000035,LA,2,680
E07000035,LA,3,475
E07000035,LA,4,72
E07000035,LA,5,27
E07000035,LA,6,9
E07000035,LA,7,2
E07000035,LA,8,4167
E07000036,LA,-8,0
E07000036,LA,1,84981
E07000036,LA,2,1282
E07000036,LA,3,1119
E07000036,LA,4,137
E07000036,LA,5,41
E07000036,LA,6,17
E07000036,LA,7,9
E07000036,LA,8,5942
E07000037,LA,-8,0
E07000037,LA,1,68820
E07000037,LA,2,1038
E07000037,LA,3,885
E07000037,LA,4,161
E07000037,LA,5,26
E07000037,LA,6,24
E07000037,LA,7,6
E07000037,LA,8,4701
E07000038,LA,-8,0
E07000038,LA,1,78429
E07000038,LA,2,971
E07000038,LA,3,699
E07000038,LA,4,77
E07000038,LA,5,23
E07000038,LA,6,10
E07000038,LA,7,8
E07000038,LA,8,5056
E07000039,LA,-8,0
E07000039,LA,1,79826
E07000039,LA,2,1132
E07000039,LA,3,746
E07000039,LA,4,121
E07000039,LA,5,27
E07000039,LA,6,7
E07000039,LA,7,7
E07000039,LA,8,5088
E07000040,LA,-8,0
E07000040,LA,1,115356
E07000040,LA,2,1456
E07000040,LA,3,1143
E07000040,LA,4,184
E07000040,LA,5,67
E07000040,LA,6,23
E07000040,LA,7,8
E07000040,LA,8,9152
E07000041,LA,-8,0
E07000041,LA,1,95950
E07000041,LA,2,2154
E07000041,LA,3,3062
E07000041,LA,4,408
E07000041,LA,5,161
E07000041,LA,6,76
E07000041,LA,7,35
E07000041,LA,8,9486
E07000042,LA,-8,0
E07000042,LA,1,61506
E07000042,LA,2,768
E07000042,LA,3,720
E07000042,LA,4,121
E07000042,LA,5,43
E07000042,LA,6,10
E07000042,LA,7,12
E07000042,LA,8,5025
E07000043,LA,-8,0
E07000043,LA,1,74190
E07000043,LA,2,913
E07000043,LA,3,807
E07000043,LA,4,125
E07000043,LA,5,53
E07000043,LA,6,15
E07000043,LA,7,11
E07000043,LA,8,6079
E07000044,LA,-8,0
E07000044,LA,1,67712
E07000044,LA,2,858
E07000044,LA,3,770
E07000044,LA,4,150
E07000044,LA,5,34
E07000044,LA,6,28
E07000044,LA,7,19
E07000044,LA,8,5397
E07000045,LA,-8,0
E07000045,LA,1,102424
E07000045,LA,2,1412
E07000045,LA,3,1182
E07000045,LA,4,178
E07000045,LA,5,68
E07000045,LA,6,17
E07000045,LA,7,11
E07000045,LA,8,8167
E07000046,LA,-8,0
E07000046,LA,1,51744
E07000046,LA,2,723
E07000046,LA,3,516
E07000046,LA,4,67
E07000046,LA,5,35
E07000046,LA,6,4
E07000046,LA,7,2
E07000046,LA,8,4466
E07000047,LA,-8,0
E07000047,LA,1,43550
E07000047,LA,2,536
E07000047,LA,3,470
E07000047,LA,4,82
E07000047,LA,5,22
E07000047,LA,6,14
E07000047,LA,7,10
E07000047,LA,8,3675
E07000061,LA,-8,0
E07000061,LA,1,74493
E07000061,LA,2,1736
E07000061,LA,3,1252
E07000061,LA,4,198
E07000061,LA,5,67
E07000061,LA,6,18
E07000061,LA,7,7
E07000061,LA,8,6805
E07000062,LA,-8,0
E07000062,LA,1,65010
E07000062,LA,2,1743
E07000062,LA,3,1387
E07000062,LA,4,238
E07000062,LA,5,50
E07000062,LA,6,30
E07000062,LA,7,12
E07000062,LA,8,6234
E07000063,LA,-8,0
E07000063,LA,1,73994
E07000063,LA,2,1959
E07000063,LA,3,1111
E07000063,LA,4,200
E07000063,LA,5,43
E07000063,LA,6,49
E07000063,LA,7,5
E07000063,LA,8,5861
E07000064,LA,-8,0
E07000064,LA,1,71366
E07000064,LA,2,1175
E07000064,LA,3,706
E07000064,LA,4,106
E07000064,LA,5,25
E07000064,LA,6,13
E07000064,LA,7,6
E07000064,LA,8,6093
E07000065,LA,-8,0
E07000065,LA,1,121460
E07000065,LA,2,1645
E07000065,LA,3,1129
E07000065,LA,4,182
E07000065,LA,5,62
E07000065,LA,6,26
E07000065,LA,7,20
E07000065,LA,8,9124
E07000066,LA,-8,0
E07000066,LA,1,136332
E07000066,LA,2,1573
E07000066,LA,3,1152
E07000066,LA,4,247
E07000066,LA,5,48
E07000066,LA,6,13
E07000066,LA,7,20
E07000066,LA,8,9275
E07000067,LA,-8,0
E07000067,LA,1,115511
E07000067,LA,2,1393
E07000067,LA,3,1151
E07000067,LA,4,183
E07000067,LA,5,46
E07000067,LA,6,11
E07000067,LA,7,7
E07000067,LA,8,8266
E07000068,LA,-8,0
E07000068,LA,1,57812
E07000068,LA,2,617
E07000068,LA,3,377
E07000068,LA,4,87
E07000068,LA,5,14
E07000068,LA,6,5
E07000068,LA,7,3
E07000068,LA,8,3949
E07000069,LA,-8,0
E07000069,LA,1,68673
E07000069,LA,2,624
E07000069,LA,3,448
E07000069,LA,4,83
E07000069,LA,5,17
E07000069,LA,6,2
E07000069,LA,7,4
E07000069,LA,8,4563
E07000070,LA,-8,0
E07000070,LA,1,134772
E07000070,LA,2,1669
E07000070,LA,3,1374
E07000070,LA,4,224
E07000070,LA,5,75
E07000070,LA,6,23
E07000070,LA,7,19
E07000070,LA,8,9587
E07000071,LA,-8,0
E07000071,LA,1,139850
E07000071,LA,2,2280
E07000071,LA,3,2449
E07000071,LA,4,406
E07000071,LA,5,120
E07000071,LA,6,46
E07000071,LA,7,33
E07000071,LA,8,11159
E07000072,LA,-8,0
E07000072,LA,1,100420
E07000072,LA,2,1139
E07000072,LA,3,763
E07000072,LA,4,161
E07000072,LA,5,33
E07000072,LA,6,18
E07000072,LA,7,16
E07000072,LA,8,7382
E07000073,LA,-8,0
E07000073,LA,1,66413
E07000073,LA,2,875
E07000073,LA,3,703
E07000073,LA,4,173
E07000073,LA,5,28
E07000073,LA,6,3
E07000073,LA,7,13
E07000073,LA,8,4896
E07000074,LA,-8,0
E07000074,LA,1,51146
E07000074,LA,2,541
E07000074,LA,3,417
E07000074,LA,4,70
E07000074,LA,5,17
E07000074,LA,6,3
E07000074,LA,7,3
E07000074,LA,8,3232
E07000075,LA,-8,0
E07000075,LA,1,65692
E07000075,LA,2,613
E07000075,LA,3,431
E07000075,LA,4,68
E07000075,LA,5,21
E07000075,LA,6,7
E07000075,LA,7,1
E07000075,LA,8,3880
E07000076,LA,-8,0
E07000076,LA,1,112894
E07000076,LA,2,1387
E07000076,LA,3,1027
E07000076,LA,4,159
E07000076,LA,5,44
E07000076,LA,6,13
E07000076,LA,7,12
E07000076,LA,8,9355
E07000077,LA,-8,0
E07000077,LA,1,67689
E07000077,LA,2,710
E07000077,LA,3,588
E07000077,LA,4,105
E07000077,LA,5,32
E07000077,LA,6,12
E07000077,LA,7,5
E07000077,LA,8,4379
E07000078,LA,-8,0
E07000078,LA,1,87790
E07000078,LA,2,1581
E07000078,LA,3,1812
E07000078,LA,4,269
E07000078,LA,5,104
E07000078,LA,6,50
E07000078,LA,7,20
E07000078,LA,8,6810
E07000079,LA,-8,0
E07000079,LA,1,69820
E07000079,LA,2,876
E07000079,LA,3,649
E07000079,LA,4,100
E07000079,LA,5,26
E07000079,LA,6,10
E07000079,LA,7,7
E07000079,LA,8,4826
E07000080,LA,-8,0
E07000080,LA,1,66188
E07000080,LA,2,747
E07000080,LA,3,705
E07000080,LA,4,145
E07000080,LA,5,39
E07000080,LA,6,9
E07000080,LA,7,17
E07000080,LA,8,5197
E07000081,LA,-8,0
E07000081,LA,1,96058
E07000081,LA,2,1487
E07000081,LA,3,1450
E07000081,LA,4,256
E07000081,LA,5,82
E07000081,LA,6,15
E07000081,LA,7,25
E07000081,LA,8,7564
E07000082,LA,-8,0
E07000082,LA,1,90493
E07000082,LA,2,1246
E07000082,LA,3,1153
E07000082,LA,4,197
E07000082,LA,5,75
E07000082,LA,6,26
E07000082,LA,7,17
E07000082,LA,8,6989
E07000083,LA,-8,0
E07000083,LA,1,70842
E07000083,LA,2,875
E07000083,LA,3,663
E07000083,LA,4,110
E07000083,LA,5,44
E07000083,LA,6,9
E07000083,LA,7,7
E07000083,LA,8,4802
E07000084,LA,-8,0
E07000084,LA,1,136562
E07000084,LA,2,1914
E07000084,LA,3,1794
E07000084,LA,4,305
E07000084,LA,5,101
E07000084,LA,6,23
E07000084,LA,7,26
E07000084,LA,8,9082
E07000085,LA,-8,0
E07000085,LA,1,94943
E07000085,LA,2,1147
E07000085,LA,3,958
E07000085,LA,4,127
E07000085,LA,5,67
E07000085,LA,6,12
E07000085,LA,7,22
E07000085,LA,8,6552
E07000086,LA,-8,0
E07000086,LA,1,101243
E07000086,LA,2,1327
E07000086,LA,3,1204
E07000086,LA,4,166
E07000086,LA,5,67
E07000086,LA,6,9
E07000086,LA,7,19
E07000086,LA,8,6296
E07000087,LA,-8,0
E07000087,LA,1,87856
E07000087,LA,2,1214
E07000087,LA,3,862
E07000087,LA,4,126
E07000087,LA,5,54
E07000087,LA,6,11
E07000087,LA,7,8
E07000087,LA,8,5507
E07000088,LA,-8,0
E07000088,LA,1,61143
E07000088,LA,2,1055
E07000088,LA,3,870
E07000088,LA,4,136
E07000088,LA,5,42
E07000088,LA,6,11
E07000088,LA,7,7
E07000088,LA,8,3947
E07000089,LA,-8,0
E07000089,LA,1,74226
E07000089,LA,2,856
E07000089,LA,3,672
E07000089,LA,4,106
E07000089,LA,5,45
E07000089,LA,6,8
E07000089,LA,7,10
E07000089,LA,8,4405
E07000090,LA,-8,0
E07000090,LA,1,94059
E07000090,LA,2,1269
E07000090,LA,3,978
E07000090,LA,4,148
E07000090,LA,5,58
E07000090,LA,6,6
E07000090,LA,7,8
E07000090,LA,8,6339
E07000091,LA,-8,0
E07000091,LA,1,135869
E07000091,LA,2,1462
E07000091,LA,3,1178
E07000091,LA,4,154
E07000091,LA,5,74
E07000091,LA,6,11
E07000091,LA,7,14
E07000091,LA,8,9984
E07000092,LA,-8,0
E07000092,LA,1,72859
E07000092,LA,2,1055
E07000092,LA,3,1213
E07000092,LA,4,276
E07000092,LA,5,43
E07000092,LA,6,17
E07000092,LA,7,15
E07000092,LA,8,5391
E07000093,LA,-8,0
E07000093,LA,1,97662
E07000093,LA,2,1212
E07000093,LA,3,1070
E07000093,LA,4,163
E07000093,LA,5,69
E07000093,LA,6,10
E07000093,LA,7,17
E07000093,LA,8,6548
E07000094,LA,-8,0
E07000094,LA,1,94375
E07000094,LA,2,1314
E07000094,LA,3,1764
E07000094,LA,4,243
E07000094,LA,5,114
E07000094,LA,6,37
E07000094,LA,7,21
E07000094,LA,8,6880
E07000095,LA,-8,0
E07000095,LA,1,72572
E07000095,LA,2,707
E07000095,LA,3,510
E07000095,LA,4,143
E07000095,LA,5,20
E07000095,LA,6,7
E07000095,LA,7,8
E07000095,LA,8,5470
E07000096,LA,-8,0
E07000096,LA,1,112619
E07000096,LA,2,1369
E07000096,LA,3,1233
E07000096,LA,4,224
E07000096,LA,5,54
E07000096,LA,6,20
E07000096,LA,7,31
E07000096,LA,8,8230
E07000098,LA,-8,0
E07000098,LA,1,77939
E07000098,LA,2,846
E07000098,LA,3,707
E07000098,LA,4,181
E07000098,LA,5,46
E07000098,LA,6,15
E07000098,LA,7,14
E07000098,LA,8,6445
E07000099,LA,-8,0
E07000099,LA,1,97811
E07000099,LA,2,1378
E07000099,LA,3,1273
E07000099,LA,4,191
E07000099,LA,5,61
E07000099,LA,6,17
E07000099,LA,7,21
E07000099,LA,8,6990
E07000102,LA,-8,0
E07000102,LA,1,68658
E07000102,LA,2,675
E07000102,LA,3,576
E07000102,LA,4,112
E07000102,LA,5,33
E07000102,LA,6,10
E07000102,LA,7,9
E07000102,LA,8,4930
E07000103,LA,-8,0
E07000103,LA,1,72016
E07000103,LA,2,914
E07000103,LA,3,962
E07000103,LA,4,233
E07000103,LA,5,48
E07000103,LA,6,12
E07000103,LA,7,19
E07000103,LA,8,6759
E07000105,LA,-8,0
E07000105,LA,1,97030
E07000105,LA,2,1378
E07000105,LA,3,1107
E07000105,LA,4,214
E07000105,LA,5,46
E07000105,LA,6,10
E07000105,LA,7,20
E07000105,LA,8,6964
E07000106,LA,-8,0
E07000106,LA,1,116186
E07000106,LA,2,2354
E07000106,LA,3,2926
E07000106,LA,4,411
E07000106,LA,5,169
E07000106,LA,6,70
E07000106,LA,7,37
E07000106,LA,8,10620
E07000107,LA,-8,0
E07000107,LA,1,82718
E07000107,LA,2,1047
E07000107,LA,3,822
E07000107,LA,4,129
E07000107,LA,5,30
E07000107,LA,6,4
E07000107,LA,7,13
E07000107,LA,8,5934
E07000108,LA,-8,0
E07000108,LA,1,86739
E07000108,LA,2,1570
E07000108,LA,3,1079
E07000108,LA,4,148
E07000108,LA,5,50
E07000108,LA,6,16
E07000108,LA,7,5
E07000108,LA,8,6524
E07000109,LA,-8,0
E07000109,LA,1,76943
E07000109,LA,2,892
E07000109,LA,3,821
E07000109,LA,4,210
E07000109,LA,5,30
E07000109,LA,6,11
E07000109,LA,7,27
E07000109,LA,8,5621
E07000110,LA,-8,0
E07000110,LA,1,129562
E07000110,LA,2,1687
E07000110,LA,3,1372
E07000110,LA,4,270
E07000110,LA,5,64
E07000110,LA,6,13
E07000110,LA,7,15
E07000110,LA,8,9153
E07000111,LA,-8,0
E07000111,LA,1,88646
E07000111,LA,2,942
E07000111,LA,3,713
E07000111,LA,4,115
E07000111,LA,5,38
E07000111,LA,6,10
E07000111,LA,7,6
E07000111,LA,8,6133
E07000112,LA,-8,0
E07000112,LA,1,82894
E07000112,LA,2,1341
E07000112,LA,3,980
E07000112,LA,4,173
E07000112,LA,5,43
E07000112,LA,6,16
E07000112,LA,7,10
E07000112,LA,8,6098
E07000113,LA,-8,0
E07000113,LA,1,111489
E07000113,LA,2,1687
E07000113,LA,3,1219
E07000113,LA,4,231
E07000113,LA,5,62
E07000113,LA,6,14
E07000113,LA,7,20
E07000113,LA,8,7279
E07000114,LA,-8,0
E07000114,LA,1,103415
E07000114,LA,2,1938
E07000114,LA,3,1534
E07000114,LA,4,276
E07000114,LA,5,65
E07000114,LA,6,36
E07000114,LA,7,20
E07000114,LA,8,8133
E07000115,LA,-8,0
E07000115,LA,1,97074
E07000115,LA,2,1000
E07000115,LA,3,947
E07000115,LA,4,137
E07000115,LA,5,50
E07000115,LA,6,12
E07000115,LA,7,7
E07000115,LA,8,6298
E07000116,LA,-8,0
E07000116,LA,1,83692
E07000116,LA,2,1076
E07000116,LA,3,1001
E07000116,LA,4,160
E07000116,LA,5,52
E07000116,LA,6,21
E07000116,LA,7,13
E07000116,LA,8,6389
E07000117,LA,-8,0
E07000117,LA,1,67539
E07000117,LA,2,974
E07000117,LA,3,741
E07000117,LA,4,184
E07000117,LA,5,30
E07000117,LA,6,10
E07000117,LA,7,12
E07000117,LA,8,5709
E07000118,LA,-8,0
E07000118,LA,1,88330
E07000118,LA,2,1257
E07000118,LA,3,976
E07000118,LA,4,110
E07000118,LA,5,36
E07000118,LA,6,11
E07000118,LA,7,9
E07000118,LA,8,5641
E07000119,LA,-8,0
E07000119,LA,1,63551
E07000119,LA,2,1012
E07000119,LA,3,557
E07000119,LA,4,98
E07000119,LA,5,26
E07000119,LA,6,7
E07000119,LA,7,5
E07000119,LA,8,3994
E07000120,LA,-8,0
E07000120,LA,1,59339
E07000120,LA,2,808
E07000120,LA,3,636
E07000120,LA,4,102
E07000120,LA,5,25
E07000120,LA,6,4
E07000120,LA,7,7
E07000120,LA,8,4712
E07000121,LA,-8,0
E07000121,LA,1,105041
E07000121,LA,2,2128
E07000121,LA,3,2491
E07000121,LA,4,318
E07000121,LA,5,165
E07000121,LA,6,79
E07000121,LA,7,20
E07000121,LA,8,9401
E07000122,LA,-8,0
E07000122,LA,1,67188
E07000122,LA,2,750
E07000122,LA,3,608
E07000122,LA,4,171
E07000122,LA,5,28
E07000122,LA,6,7
E07000122,LA,7,22
E07000122,LA,8,6448
E07000123,LA,-8,0
E07000123,LA,1,105022
E07000123,LA,2,1844
E07000123,LA,3,2144
E07000123,LA,4,354
E07000123,LA,5,94
E07000123,LA,6,33
E07000123,LA,7,25
E07000123,LA,8,9154
E07000124,LA,-8,0
E07000124,LA,1,47597
E07000124,LA,2,444
E07000124,LA,3,337
E07000124,LA,4,48
E07000124,LA,5,13
E07000124,LA,6,0
E07000124,LA,7,5
E07000124,LA,8,3016
E07000125,LA,-8,0
E07000125,LA,1,52249
E07000125,LA,2,779
E07000125,LA,3,530
E07000125,LA,4,98
E07000125,LA,5,17
E07000125,LA,6,10
E07000125,LA,7,8
E07000125,LA,8,3609
E07000126,LA,-8,0
E07000126,LA,1,84262
E07000126,LA,2,1156
E07000126,LA,3,871
E07000126,LA,4,112
E07000126,LA,5,31
E07000126,LA,6,4
E07000126,LA,7,11
E07000126,LA,8,5052
E07000127,LA,-8,0
E07000127,LA,1,89277
E07000127,LA,2,1240
E07000127,LA,3,1246
E07000127,LA,4,173
E07000127,LA,5,76
E07000127,LA,6,20
E07000127,LA,7,13
E07000127,LA,8,6288
E07000128,LA,-8,0
E07000128,LA,1,86350
E07000128,LA,2,1382
E07000128,LA,3,712
E07000128,LA,4,97
E07000128,LA,5,40
E07000128,LA,6,8
E07000128,LA,7,5
E07000128,LA,8,5757
E07000129,LA,-8,0
E07000129,LA,1,76694
E07000129,LA,2,1056
E07000129,LA,3,691
E07000129,LA,4,106
E07000129,LA,5,27
E07000129,LA,6,12
E07000129,LA,7,3
E07000129,LA,8,5077
E07000130,LA,-8,0
E07000130,LA,1,137579
E07000130,LA,2,1971
E07000130,LA,3,2069
E07000130,LA,4,279
E07000130,LA,5,103
E07000130,LA,6,37
E07000130,LA,7,23
E07000130,LA,8,11039
E07000131,LA,-8,0
E07000131,LA,1,73899
E07000131,LA,2,923
E07000131,LA,3,620
E07000131,LA,4,90
E07000131,LA,5,36
E07000131,LA,6,8
E07000131,LA,7,6
E07000131,LA,8,4845
E07000132,LA,-8,0
E07000132,LA,1,86221
E07000132,LA,2,1105
E07000132,LA,3,865
E07000132,LA,4,134
E07000132,LA,5,47
E07000132,LA,6,7
E07000132,LA,7,7
E07000132,LA,8,5532
E07000133,LA,-8,0
E07000133,LA,1,39330
E07000133,LA,2,479
E07000133,LA,3,403
E07000133,LA,4,46
E07000133,LA,5,23
E07000133,LA,6,4
E07000133,LA,7,2
E07000133,LA,8,2657
E07000134,LA,-8,0
E07000134,LA,1,78803
E07000134,LA,2,1072
E07000134,LA,3,866
E07000134,LA,4,129
E07000134,LA,5,54
E07000134,LA,6,6
E07000134,LA,7,12
E07000134,LA,8,5223
E07000135,LA,-8,0
E07000135,LA,1,42558
E07000135,LA,2,422
E07000135,LA,3,427
E07000135,LA,4,74
E07000135,LA,5,31
E07000135,LA,6,10
E07000135,LA,7,7
E07000135,LA,8,3682
E07000136,LA,-8,0
E07000136,LA,1,50755
E07000136,LA,2,567
E07000136,LA,3,493
E07000136,LA,4,137
E07000136,LA,5,23
E07000136,LA,6,5
E07000136,LA,7,20
E07000136,LA,8,5581
E07000137,LA,-8,0
E07000137,LA,1,109121
E07000137,LA,2,1461
E07000137,LA,3,1019
E07000137,LA,4,144
E07000137,LA,5,63
E07000137,LA,6,8
E07000137,LA,7,6
E07000137,LA,8,9596
E07000138,LA,-8,0
E07000138,LA,1,73780
E07000138,LA,2,1880
E07000138,LA,3,2974
E07000138,LA,4,441
E07000138,LA,5,143
E07000138,LA,6,45
E07000138,LA,7,40
E07000138,LA,8,7764
E07000139,LA,-8,0
E07000139,LA,1,89493
E07000139,LA,2,1093
E07000139,LA,3,940
E07000139,LA,4,133
E07000139,LA,5,47
E07000139,LA,6,11
E07000139,LA,7,11
E07000139,LA,8,6290
E07000140,LA,-8,0
E07000140,LA,1,70520
E07000140,LA,2,720
E07000140,LA,3,663
E07000140,LA,4,125
E07000140,LA,5,24
E07000140,LA,6,2
E07000140,LA,7,32
E07000140,LA,8,6911
E07000141,LA,-8,0
E07000141,LA,1,107682
E07000141,LA,2,1246
E07000141,LA,3,1145
E07000141,LA,4,161
E07000141,LA,5,40
E07000141,LA,6,8
E07000141,LA,7,8
E07000141,LA,8,7722
E07000142,LA,-8,0
E07000142,LA,1,72167
E07000142,LA,2,862
E07000142,LA,3,802
E07000142,LA,4,113
E07000142,LA,5,38
E07000142,LA,6,3
E07000142,LA,7,9
E07000142,LA,8,5122
E07000143,LA,-8,0
E07000143,LA,1,106301
E07000143,LA,2,1296
E07000143,LA,3,1202
E07000143,LA,4,179
E07000143,LA,5,49
E07000143,LA,6,13
E07000143,LA,7,20
E07000143,LA,8,8790
E07000144,LA,-8,0
E07000144,LA,1,100942
E07000144,LA,2,1277
E07000144,LA,3,963
E07000144,LA,4,151
E07000144,LA,5,42
E07000144,LA,6,11
E07000144,LA,7,9
E07000144,LA,8,7111
E07000145,LA,-8,0
E07000145,LA,1,74017
E07000145,LA,2,1080
E07000145,LA,3,879
E07000145,LA,4,219
E07000145,LA,5,51
E07000145,LA,6,10
E07000145,LA,7,13
E07000145,LA,8,6450
E07000146,LA,-8,0
E07000146,LA,1,116071
E07000146,LA,2,1425
E07000146,LA,3,1201
E07000146,LA,4,197
E07000146,LA,5,64
E07000146,LA,6,15
E07000146,LA,7,14
E07000146,LA,8,9904
E07000147,LA,-8,0
E07000147,LA,1,79634
E07000147,LA,2,1183
E07000147,LA,3,859
E07000147,LA,4,127
E07000147,LA,5,41
E07000147,LA,6,14
E07000147,LA,7,11
E07000147,LA,8,7276
E07000148,LA,-8,0
E07000148,LA,1,101477
E07000148,LA,2,3025
E07000148,LA,3,4700
E07000148,LA,4,669
E07000148,LA,5,267
E07000148,LA,6,143
E07000148,LA,7,41
E07000148,LA,8,10443
E07000149,LA,-8,0
E07000149,LA,1,106656
E07000149,LA,2,1450
E07000149,LA,3,1174
E07000149,LA,4,159
E07000149,LA,5,64
E07000149,LA,6,19
E07000149,LA,7,11
E07000149,LA,8,7687
E07000163,LA,-8,0
E07000163,LA,1,44081
E07000163,LA,2,532
E07000163,LA,3,404
E07000163,LA,4,65
E07000163,LA,5,19
E07000163,LA,6,6
E07000163,LA,7,1
E07000163,LA,8,3171
E07000164,LA,-8,0
E07000164,LA,1,70818
E07000164,LA,2,700
E07000164,LA,3,550
E07000164,LA,4,75
E07000164,LA,5,34
E07000164,LA,6,6
E07000164,LA,7,6
E07000164,LA,8,4794
E07000165,LA,-8,0
E07000165,LA,1,122943
E07000165,LA,2,1531
E07000165,LA,3,1156
E07000165,LA,4,186
E07000165,LA,5,87
E07000165,LA,6,14
E07000165,LA,7,13
E07000165,LA,8,9376
E07000166,LA,-8,0
E07000166,LA,1,38420
E07000166,LA,2,450
E07000166,LA,3,366
E07000166,LA,4,41
E07000166,LA,5,14
E07000166,LA,6,5
E07000166,LA,7,6
E07000166,LA,8,2436
E07000167,LA,-8,0
E07000167,LA,1,42164
E07000167,LA,2,461
E07000167,LA,3,376
E07000167,LA,4,54
E07000167,LA,5,18
E07000167,LA,6,3
E07000167,LA,7,6
E07000167,LA,8,3242
E07000168,LA,-8,0
E07000168,LA,1,82925
E07000168,LA,2,1298
E07000168,LA,3,965
E07000168,LA,4,154
E07000168,LA,5,68
E07000168,LA,6,15
E07000168,LA,7,12
E07000168,LA,8,6671
E07000169,LA,-8,0
E07000169,LA,1,69510
E07000169,LA,2,801
E07000169,LA,3,643
E07000169,LA,4,89
E07000169,LA,5,39
E07000169,LA,6,10
E07000169,LA,7,1
E07000169,LA,8,4339
E07000170,LA,-8,0
E07000170,LA,1,93238
E07000170,LA,2,1451
E07000170,LA,3,987
E07000170,LA,4,144
E07000170,LA,5,37
E07000170,LA,6,11
E07000170,LA,7,11
E07000170,LA,8,6964
E07000171,LA,-8,0
E07000171,LA,1,88969
E07000171,LA,2,1118
E07000171,LA,3,779
E07000171,LA,4,130
E07000171,LA,5,39
E07000171,LA,6,5
E07000171,LA,7,12
E07000171,LA,8,6314
E07000172,LA,-8,0
E07000172,LA,1,83457
E07000172,LA,2,1258
E07000172,LA,3,1348
E07000172,LA,4,187
E07000172,LA,5,78
E07000172,LA,6,33
E07000172,LA,7,13
E07000172,LA,8,6166
E07000173,LA,-8,0
E07000173,LA,1,87931
E07000173,LA,2,1382
E07000173,LA,3,995
E07000173,LA,4,150
E07000173,LA,5,52
E07000173,LA,6,19
E07000173,LA,7,5
E07000173,LA,8,5923
E07000174,LA,-8,0
E07000174,LA,1,81971
E07000174,LA,2,1211
E07000174,LA,3,970
E07000174,LA,4,157
E07000174,LA,5,46
E07000174,LA,6,6
E07000174,LA,7,15
E07000174,LA,8,5794
E07000175,LA,-8,0
E07000175,LA,1,92844
E07000175,LA,2,1330
E07000175,LA,3,1039
E07000175,LA,4,162
E07000175,LA,5,36
E07000175,LA,6,8
E07000175,LA,7,17
E07000175,LA,8,6532
E07000176,LA,-8,0
E07000176,LA,1,89104
E07000176,LA,2,1271
E07000176,LA,3,1121
E07000176,LA,4,147
E07000176,LA,5,77
E07000176,LA,6,23
E07000176,LA,7,9
E07000176,LA,8,5972
E07000177,LA,-8,0
E07000177,LA,1,117986
E07000177,LA,2,1762
E07000177,LA,3,1499
E07000177,LA,4,318
E07000177,LA,5,84
E07000177,LA,6,30
E07000177,LA,7,31
E07000177,LA,8,8879
E07000178,LA,-8,0
E07000178,LA,1,109859
E07000178,LA,2,3237
E07000178,LA,3,4953
E07000178,LA,4,735
E07000178,LA,5,265
E07000178,LA,6,185
E07000178,LA,7,73
E07000178,LA,8,17411
E07000179,LA,-8,0
E07000179,LA,1,110653
E07000179,LA,2,1383
E07000179,LA,3,1182
E07000179,LA,4,204
E07000179,LA,5,67
E07000179,LA,6,35
E07000179,LA,7,21
E07000179,LA,8,7948
E07000180,LA,-8,0
E07000180,LA,1,101920
E07000180,LA,2,1331
E07000180,LA,3,1368
E07000180,LA,4,209
E07000180,LA,5,86
E07000180,LA,6,21
E07000180,LA,7,19
E07000180,LA,8,7470
E07000181,LA,-8,0
E07000181,LA,1,85888
E07000181,LA,2,1115
E07000181,LA,3,1007
E07000181,LA,4,135
E07000181,LA,5,45
E07000181,LA,6,16
E07000181,LA,7,12
E07000181,LA,8,5591
E07000187,LA,-8,0
E07000187,LA,1,85790
E07000187,LA,2,1105
E07000187,LA,3,1185
E07000187,LA,4,168
E07000187,LA,5,61
E07000187,LA,6,25
E07000187,LA,7,26
E07000187,LA,8,7689
E07000188,LA,-8,0
E07000188,LA,1,93579
E07000188,LA,2,1233
E07000188,LA,3,1107
E07000188,LA,4,225
E07000188,LA,5,41
E07000188,LA,6,6
E07000188,LA,7,28
E07000188,LA,8,7560
E07000189,LA,-8,0
E07000189,LA,1,129908
E07000189,LA,2,1519
E07000189,LA,3,1449
E07000189,LA,4,191
E07000189,LA,5,59
E07000189,LA,6,15
E07000189,LA,7,16
E07000189,LA,8,10655
E07000192,LA,-8,0
E07000192,LA,1,75947
E07000192,LA,2,1094
E07000192,LA,3,781
E07000192,LA,4,121
E07000192,LA,5,50
E07000192,LA,6,7
E07000192,LA,7,10
E07000192,LA,8,4464
E07000193,LA,-8,0
E07000193,LA,1,90866
E07000193,LA,2,1138
E07000193,LA,3,999
E07000193,LA,4,220
E07000193,LA,5,45
E07000193,LA,6,8
E07000193,LA,7,9
E07000193,LA,8,7224
E07000194,LA,-8,0
E07000194,LA,1,81990
E07000194,LA,2,1020
E07000194,LA,3,713
E07000194,LA,4,94
E07000194,LA,5,32
E07000194,LA,6,1
E07000194,LA,7,7
E07000194,LA,8,4738
E07000195,LA,-8,0
E07000195,LA,1,93169
E07000195,LA,2,1390
E07000195,LA,3,1387
E07000195,LA,4,176
E07000195,LA,5,82
E07000195,LA,6,25
E07000195,LA,7,15
E07000195,LA,8,6939
E07000196,LA,-8,0
E07000196,LA,1,86672
E07000196,LA,2,908
E07000196,LA,3,583
E07000196,LA,4,79
E07000196,LA,5,20
E07000196,LA,6,8
E07000196,LA,7,4
E07000196,LA,8,5100
E07000197,LA,-8,0
E07000197,LA,1,103695
E07000197,LA,2,1469
E07000197,LA,3,1162
E07000197,LA,4,133
E07000197,LA,5,51
E07000197,LA,6,11
E07000197,LA,7,1
E07000197,LA,8,7091
E07000198,LA,-8,0
E07000198,LA,1,74326
E07000198,LA,2,754
E07000198,LA,3,555
E07000198,LA,4,92
E07000198,LA,5,26
E07000198,LA,6,4
E07000198,LA,7,3
E07000198,LA,8,5095
E07000199,LA,-8,0
E07000199,LA,1,58751
E07000199,LA,2,733
E07000199,LA,3,599
E07000199,LA,4,96
E07000199,LA,5,26
E07000199,LA,6,5
E07000199,LA,7,9
E07000199,LA,8,3573
E07000200,LA,-8,0
E07000200,LA,1,70434
E07000200,LA,2,843
E07000200,LA,3,655
E07000200,LA,4,100
E07000200,LA,5,35
E07000200,LA,6,6
E07000200,LA,7,9
E07000200,LA,8,5297
E07000202,LA,-8,0
E07000202,LA,1,99026
E07000202,LA,2,1724
E07000202,LA,3,1752
E07000202,LA,4,446
E07000202,LA,5,68
E07000202,LA,6,31
E07000202,LA,7,71
E07000202,LA,8,8714
E07000203,LA,-8,0
E07000203,LA,1,79066
E07000203,LA,2,989
E07000203,LA,3,764
E07000203,LA,4,121
E07000203,LA,5,38
E07000203,LA,6,9
E07000203,LA,7,10
E07000203,LA,8,5306
E07000207,LA,-8,0
E07000207,LA,1,99381
E07000207,LA,2,1155
E07000207,LA,3,838
E07000207,LA,4,147
E07000207,LA,5,42
E07000207,LA,6,17
E07000207,LA,7,12
E07000207,LA,8,7180
E07000208,LA,-8,0
E07000208,LA,1,58730
E07000208,LA,2,691
E07000208,LA,3,568
E07000208,LA,4,97
E07000208,LA,5,28
E07000208,LA,6,12
E07000208,LA,7,6
E07000208,LA,8,4474
E07000209,LA,-8,0
E07000209,LA,1,106016
E07000209,LA,2,1670
E07000209,LA,3,1990
E07000209,LA,4,290
E07000209,LA,5,102
E07000209,LA,6,50
E07000209,LA,7,16
E07000209,LA,8,9225
E07000210,LA,-8,0
E07000210,LA,1,66189
E07000210,LA,2,762
E07000210,LA,3,598
E07000210,LA,4,88
E07000210,LA,5,31
E07000210,LA,6,15
E07000210,LA,7,12
E07000210,LA,8,4645
E07000211,LA,-8,0
E07000211,LA,1,109322
E07000211,LA,2,1398
E07000211,LA,3,1089
E07000211,LA,4,188
E07000211,LA,5,56
E07000211,LA,6,13
E07000211,LA,7,12
E07000211,LA,8,8051
E07000212,LA,-8,0
E07000212,LA,1,64392
E07000212,LA,2,1017
E07000212,LA,3,1233
E07000212,LA,4,176
E07000212,LA,5,53
E07000212,LA,6,31
E07000212,LA,7,22
E07000212,LA,8,5797
E07000213,LA,-8,0
E07000213,LA,1,75505
E07000213,LA,2,1088
E07000213,LA,3,704
E07000213,LA,4,123
E07000213,LA,5,25
E07000213,LA,6,6
E07000213,LA,7,7
E07000213,LA,8,5904
E07000214,LA,-8,0
E07000214,LA,1,67799
E07000214,LA,2,775
E07000214,LA,3,589
E07000214,LA,4,109
E07000214,LA,5,28
E07000214,LA,6,12
E07000214,LA,7,7
E07000214,LA,8,4465
E07000215,LA,-8,0
E07000215,LA,1,64718
E07000215,LA,2,744
E07000215,LA,3,559
E07000215,LA,4,97
E07000215,LA,5,25
E07000215,LA,6,15
E07000215,LA,7,5
E07000215,LA,8,4664
E07000216,LA,-8,0
E07000216,LA,1,94198
E07000216,LA,2,1076
E07000216,LA,3,1225
E07000216,LA,4,158
E07000216,LA,5,80
E07000216,LA,6,32
E07000216,LA,7,8
E07000216,LA,8,6859
E07000217,LA,-8,0
E07000217,LA,1,75426
E07000217,LA,2,980
E07000217,LA,3,839
E07000217,LA,4,176
E07000217,LA,5,53
E07000217,LA,6,15
E07000217,LA,7,37
E07000217,LA,8,5456
E07000218,LA,-8,0
E07000218,LA,1,49554
E07000218,LA,2,652
E07000218,LA,3,456
E07000218,LA,4,75
E07000218,LA,5,19
E07000218,LA,6,5
E07000218,LA,7,3
E07000218,LA,8,3134
E07000219,LA,-8,0
E07000219,LA,1,98981
E07000219,LA,2,1360
E07000219,LA,3,1087
E07000219,LA,4,172
E07000219,LA,5,50
E07000219,LA,6,3
E07000219,LA,7,16
E07000219,LA,8,6919
E07000220,LA,-8,0
E07000220,LA,1,83469
E07000220,LA,2,1072
E07000220,LA,3,973
E07000220,LA,4,177
E07000220,LA,5,45
E07000220,LA,6,8
E07000220,LA,7,26
E07000220,LA,8,6417
E07000221,LA,-8,0
E07000221,LA,1,103165
E07000221,LA,2,1272
E07000221,LA,3,946
E07000221,LA,4,139
E07000221,LA,5,51
E07000221,LA,6,13
E07000221,LA,7,7
E07000221,LA,8,7047
E07000222,LA,-8,0
E07000222,LA,1,110731
E07000222,LA,2,1644
E07000222,LA,3,2001
E07000222,LA,4,284
E07000222,LA,5,114
E07000222,LA,6,58
E07000222,LA,7,29
E07000222,LA,8,8391
E07000223,LA,-8,0
E07000223,LA,1,47736
E07000223,LA,2,1015
E07000223,LA,3,623
E07000223,LA,4,109
E07000223,LA,5,30
E07000223,LA,6,12
E07000223,LA,7,2
E07000223,LA,8,3426
E07000224,LA,-8,0
E07000224,LA,1,125990
E07000224,LA,2,2002
E07000224,LA,3,1361
E07000224,LA,4,206
E07000224,LA,5,70
E07000224,LA,6,10
E07000224,LA,7,24
E07000224,LA,8,9888
E07000225,LA,-8,0
E07000225,LA,1,94857
E07000225,LA,2,1418
E07000225,LA,3,1257
E07000225,LA,4,198
E07000225,LA,5,59
E07000225,LA,6,41
E07000225,LA,7,9
E07000225,LA,8,6871
E07000226,LA,-8,0
E07000226,LA,1,84098
E07000226,LA,2,1399
E07000226,LA,3,1018
E07000226,LA,4,227
E07000226,LA,5,36
E07000226,LA,6,10
E07000226,LA,7,30
E07000226,LA,8,6752
E07000227,LA,-8,0
E07000227,LA,1,110092
E07000227,LA,2,1584
E07000227,LA,3,1223
E07000227,LA,4,160
E07000227,LA,5,63
E07000227,LA,6,28
E07000227,LA,7,16
E07000227,LA,8,7497
E07000228,LA,-8,0
E07000228,LA,1,112276
E07000228,LA,2,1642
E07000228,LA,3,1303
E07000228,LA,4,193
E07000228,LA,5,68
E07000228,LA,6,23
E07000228,LA,7,19
E07000228,LA,8,7792
E07000229,LA,-8,0
E07000229,LA,1,81855
E07000229,LA,2,1983
E07000229,LA,3,1380
E07000229,LA,4,230
E07000229,LA,5,69
E07000229,LA,6,36
E07000229,LA,7,18
E07000229,LA,8,6786
E07000234,LA,-8,0
E07000234,LA,1,74613
E07000234,LA,2,896
E07000234,LA,3,612
E07000234,LA,4,98
E07000234,LA,5,31
E07000234,LA,6,8
E07000234,LA,7,3
E07000234,LA,8,4840
E07000235,LA,-8,0
E07000235,LA,1,60981
E07000235,LA,2,750
E07000235,LA,3,591
E07000235,LA,4,91
E07000235,LA,5,37
E07000235,LA,6,7
E07000235,LA,7,6
E07000235,LA,8,4656
E07000236,LA,-8,0
E07000236,LA,1,64095
E07000236,LA,2,871
E07000236,LA,3,639
E07000236,LA,4,98
E07000236,LA,5,38
E07000236,LA,6,7
E07000236,LA,7,4
E07000236,LA,8,4499
E07000237,LA,-8,0
E07000237,LA,1,76463
E07000237,LA,2,1341
E07000237,LA,3,1367
E07000237,LA,4,198
E07000237,LA,5,65
E07000237,LA,6,20
E07000237,LA,7,20
E07000237,LA,8,6133
E07000238,LA,-8,0
E07000238,LA,1,101636
E07000238,LA,2,1188
E07000238,LA,3,893
E07000238,LA,4,130
E07000238,LA,5,36
E07000238,LA,6,13
E07000238,LA,7,16
E07000238,LA,8,6809
E07000239,LA,-8,0
E07000239,LA,1,76797
E07000239,LA,2,1030
E07000239,LA,3,718
E07000239,LA,4,120
E07000239,LA,5,36
E07000239,LA,6,11
E07000239,LA,7,6
E07000239,LA,8,5845
E07000240,LA,-8,0
E07000240,LA,1,105865
E07000240,LA,2,1247
E07000240,LA,3,1028
E07000240,LA,4,185
E07000240,LA,5,45
E07000240,LA,6,28
E07000240,LA,7,21
E07000240,LA,8,7671
E07000241,LA,-8,0
E07000241,LA,1,87010
E07000241,LA,2,1170
E07000241,LA,3,1380
E07000241,LA,4,260
E07000241,LA,5,75
E07000241,LA,6,19
E07000241,LA,7,27
E07000241,LA,8,7543
E07000242,LA,-8,0
E07000242,LA,1,110717
E07000242,LA,2,1431
E07000242,LA,3,1087
E07000242,LA,4,204
E07000242,LA,5,46
E07000242,LA,6,20
E07000242,LA,7,13
E07000242,LA,8,7634
E07000243,LA,-8,0
E07000243,LA,1,64574
E07000243,LA,2,906
E07000243,LA,3,827
E07000243,LA,4,151
E07000243,LA,5,37
E07000243,LA,6,13
E07000243,LA,7,11
E07000243,LA,8,4717
E07000244,LA,-8,0
E07000244,LA,1,186886
E07000244,LA,2,2490
E07000244,LA,3,2008
E07000244,LA,4,280
E07000244,LA,5,104
E07000244,LA,6,31
E07000244,LA,7,27
E07000244,LA,8,14893
E07000245,LA,-8,0
E07000245,LA,1,133847
E07000245,LA,2,1866
E07000245,LA,3,1676
E07000245,LA,4,340
E07000245,LA,5,79
E07000245,LA,6,13
E07000245,LA,7,32
E07000245,LA,8,10275
E07000246,LA,-8,0
E07000246,LA,1,118035
E07000246,LA,2,1626
E07000246,LA,3,1442
E07000246,LA,4,221
E07000246,LA,5,67
E07000246,LA,6,21
E07000246,LA,7,19
E07000246,LA,8,9865
E08000001,LA,-8,0
E08000001,LA,1,210665
E08000001,LA,2,2807
E08000001,LA,3,2317
E08000001,LA,4,408
E08000001,LA,5,89
E08000001,LA,6,23
E08000001,LA,7,51
E08000001,LA,8,15931
E08000002,LA,-8,0
E08000002,LA,1,140309
E08000002,LA,2,2443
E08000002,LA,3,1524
E08000002,LA,4,270
E08000002,LA,5,69
E08000002,LA,6,28
E08000002,LA,7,28
E08000002,LA,8,10202
E08000003,LA,-8,0
E08000003,LA,1,370576
E08000003,LA,2,14608
E08000003,LA,3,11782
E08000003,LA,4,1853
E08000003,LA,5,375
E08000003,LA,6,429
E08000003,LA,7,175
E08000003,LA,8,38162
E08000004,LA,-8,0
E08000004,LA,1,169261
E08000004,LA,2,2152
E08000004,LA,3,1541
E08000004,LA,4,399
E08000004,LA,5,55
E08000004,LA,6,14
E08000004,LA,7,19
E08000004,LA,8,13594
E08000005,LA,-8,0
E08000005,LA,1,159265
E08000005,LA,2,2040
E08000005,LA,3,1515
E08000005,LA,4,297
E08000005,LA,5,67
E08000005,LA,6,21
E08000005,LA,7,28
E08000005,LA,8,11711
E08000006,LA,-8,0
E08000006,LA,1,187446
E08000006,LA,2,7181
E08000006,LA,3,4141
E08000006,LA,4,652
E08000006,LA,5,136
E08000006,LA,6,97
E08000006,LA,7,40
E08000006,LA,8,17230
E08000007,LA,-8,0
E08000007,LA,1,217470
E08000007,LA,2,3983
E08000007,LA,3,2500
E08000007,LA,4,389
E08000007,LA,5,182
E08000007,LA,6,41
E08000007,LA,7,23
E08000007,LA,8,14335
E08000008,LA,-8,0
E08000008,LA,1,168142
E08000008,LA,2,3315
E08000008,LA,3,2081
E08000008,LA,4,407
E08000008,LA,5,140
E08000008,LA,6,27
E08000008,LA,7,38
E08000008,LA,8,10985
E08000009,LA,-8,0
E08000009,LA,1,169221
E08000009,LA,2,3032
E08000009,LA,3,1856
E08000009,LA,4,368
E08000009,LA,5,84
E08000009,LA,6,49
E08000009,LA,7,21
E08000009,LA,8,11519
E08000010,LA,-8,0
E08000010,LA,1,247126
E08000010,LA,2,3885
E08000010,LA,3,2381
E08000010,LA,4,379
E08000010,LA,5,79
E08000010,LA,6,22
E08000010,LA,7,27
E08000010,LA,8,14795
E08000011,LA,-8,0
E08000011,LA,1,114338
E08000011,LA,2,1803
E08000011,LA,3,889
E08000011,LA,4,137
E08000011,LA,5,27
E08000011,LA,6,13
E08000011,LA,7,10
E08000011,LA,8,7082
E08000012,LA,-8,0
E08000012,LA,1,354781
E08000012,LA,2,8587
E08000012,LA,3,7511
E08000012,LA,4,1173
E08000012,LA,5,266
E08000012,LA,6,192
E08000012,LA,7,74
E08000012,LA,8,30444
E08000013,LA,-8,0
E08000013,LA,1,138290
E08000013,LA,2,2407
E08000013,LA,3,1335
E08000013,LA,4,227
E08000013,LA,5,71
E08000013,LA,6,7
E08000013,LA,7,18
E08000013,LA,8,8217
E08000014,LA,-8,0
E08000014,LA,1,212421
E08000014,LA,2,3301
E08000014,LA,3,2024
E08000014,LA,4,348
E08000014,LA,5,98
E08000014,LA,6,25
E08000014,LA,7,22
E08000014,LA,8,14151
E08000015,LA,-8,0
E08000015,LA,1,237613
E08000015,LA,2,4179
E08000015,LA,3,2727
E08000015,LA,4,406
E08000015,LA,5,148
E08000015,LA,6,49
E08000015,LA,7,29
E08000015,LA,8,16958
E08000016,LA,-8,0
E08000016,LA,1,182948
E08000016,LA,2,2990
E08000016,LA,3,1817
E08000016,LA,4,290
E08000016,LA,5,69
E08000016,LA,6,14
E08000016,LA,7,23
E08000016,LA,8,11638
E08000017,LA,-8,0
E08000017,LA,1,227960
E08000017,LA,2,3465
E08000017,LA,3,2407
E08000017,LA,4,487
E08000017,LA,5,98
E08000017,LA,6,15
E08000017,LA,7,44
E08000017,LA,8,16449
E08000018,LA,-8,0
E08000018,LA,1,197506
E08000018,LA,2,2638
E08000018,LA,3,1900
E08000018,LA,4,400
E08000018,LA,5,80
E08000018,LA,6,20
E08000018,LA,7,23
E08000018,LA,8,13007
E08000019,LA,-8,0
E08000019,LA,1,401537
E08000019,LA,2,7395
E08000019,LA,3,9018
E08000019,LA,4,1562
E08000019,LA,5,445
E08000019,LA,6,257
E08000019,LA,7,147
E08000019,LA,8,35889
E08000021,LA,-8,0
E08000021,LA,1,217008
E08000021,LA,2,5497
E08000021,LA,3,5725
E08000021,LA,4,842
E08000021,LA,5,241
E08000021,LA,6,151
E08000021,LA,7,100
E08000021,LA,8,18886
E08000022,LA,-8,0
E08000022,LA,1,157223
E08000022,LA,2,2925
E08000022,LA,3,1992
E08000022,LA,4,257
E08000022,LA,5,109
E08000022,LA,6,25
E08000022,LA,7,15
E08000022,LA,8,8968
E08000023,LA,-8,0
E08000023,LA,1,111601
E08000023,LA,2,1756
E08000023,LA,3,1213
E08000023,LA,4,143
E08000023,LA,5,47
E08000023,LA,6,20
E08000023,LA,7,13
E08000023,LA,8,6502
E08000024,LA,-8,0
E08000024,LA,1,208166
E08000024,LA,2,3279
E08000024,LA,3,2057
E08000024,LA,4,324
E08000024,LA,5,110
E08000024,LA,6,28
E08000024,LA,7,23
E08000024,LA,8,12082
E08000025,LA,-8,0
E08000025,LA,1,779054
E08000025,LA,2,11968
E08000025,LA,3,11258
E08000025,LA,4,2527
E08000025,LA,5,468
E08000025,LA,6,322
E08000025,LA,7,261
E08000025,LA,8,83766
E08000026,LA,-8,0
E08000026,LA,1,243622
E08000026,LA,2,3339
E08000026,LA,3,4133
E08000026,LA,4,835
E08000026,LA,5,271
E08000026,LA,6,91
E08000026,LA,7,92
E08000026,LA,8,24490
E08000027,LA,-8,0
E08000027,LA,1,238192
E08000027,LA,2,3115
E08000027,LA,3,2172
E08000027,LA,4,378
E08000027,LA,5,114
E08000027,LA,6,14
E08000027,LA,7,23
E08000027,LA,8,18481
E08000028,LA,-8,0
E08000028,LA,1,237544
E08000028,LA,2,2816
E08000028,LA,3,2525
E08000028,LA,4,617
E08000028,LA,5,70
E08000028,LA,6,16
E08000028,LA,7,57
E08000028,LA,8,22385
E08000029,LA,-8,0
E08000029,LA,1,160446
E08000029,LA,2,1765
E08000029,LA,3,1251
E08000029,LA,4,188
E08000029,LA,5,52
E08000029,LA,6,15
E08000029,LA,7,18
E08000029,LA,8,10765
E08000030,LA,-8,0
E08000030,LA,1,201330
E08000030,LA,2,2399
E08000030,LA,3,1876
E08000030,LA,4,405
E08000030,LA,5,84
E08000030,LA,6,20
E08000030,LA,7,39
E08000030,LA,8,16945
E08000031,LA,-8,0
E08000031,LA,1,185921
E08000031,LA,2,2262
E08000031,LA,3,2161
E08000031,LA,4,555
E08000031,LA,5,89
E08000031,LA,6,19
E08000031,LA,7,72
E08000031,LA,8,17363
E08000032,LA,-8,0
E08000032,LA,1,374590
E08000032,LA,2,4545
E08000032,LA,3,4261
E08000032,LA,4,951
E08000032,LA,5,176
E08000032,LA,6,59
E08000032,LA,7,72
E08000032,LA,8,36918
E08000033,LA,-8,0
E08000033,LA,1,149815
E08000033,LA,2,2811
E08000033,LA,3,1968
E08000033,LA,4,395
E08000033,LA,5,71
E08000033,LA,6,62
E08000033,LA,7,22
E08000033,LA,8,11488
E08000034,LA,-8,0
E08000034,LA,1,311501
E08000034,LA,2,4340
E08000034,LA,3,3697
E08000034,LA,4,732
E08000034,LA,5,147
E08000034,LA,6,58
E08000034,LA,7,61
E08000034,LA,8,25742
E08000035,LA,-8,0
E08000035,LA,1,582244
E08000035,LA,2,12229
E08000035,LA,3,12656
E08000035,LA,4,2022
E08000035,LA,5,502
E08000035,LA,6,387
E08000035,LA,7,166
E08000035,LA,8,48264
E08000036,LA,-8,0
E08000036,LA,1,261615
E08000036,LA,2,4321
E08000036,LA,3,2968
E08000036,LA,4,504
E08000036,LA,5,126
E08000036,LA,6,29
E08000036,LA,7,30
E08000036,LA,8,17945
E08000037,LA,-8,0
E08000037,LA,1,147379
E08000037,LA,2,3087
E08000037,LA,3,1939
E08000037,LA,4,295
E08000037,LA,5,90
E08000037,LA,6,41
E08000037,LA,7,44
E08000037,LA,8,8874
E09000001,LA,-8,0
E09000001,LA,1,6348
E09000001,LA,2,607
E09000001,LA,3,185
E09000001,LA,4,23
E09000001,LA,5,5
E09000001,LA,6,8
E09000001,LA,7,1
E09000001,LA,8,830
E09000002,LA,-8,0
E09000002,LA,1,143275
E09000002,LA,2,1333
E09000002,LA,3,1571
E09000002,LA,4,614
E09000002,LA,5,51
E09000002,LA,6,11
E09000002,LA,7,110
E09000002,LA,8,14780
E09000003,LA,-8,0
E09000003,LA,1,269986
E09000003,LA,2,3864
E09000003,LA,3,3286
E09000003,LA,4,1125
E09000003,LA,5,144
E09000003,LA,6,99
E09000003,LA,7,115
E09000003,LA,8,30735
E09000004,LA,-8,0
E09000004,LA,1,178051
E09000004,LA,2,2058
E09000004,LA,3,1585
E09000004,LA,4,348
E09000004,LA,5,68
E09000004,LA,6,40
E09000004,LA,7,37
E09000004,LA,8,13640
E09000005,LA,-8,0
E09000005,LA,1,234151
E09000005,LA,2,3604
E09000005,LA,3,3561
E09000005,LA,4,1246
E09000005,LA,5,97
E09000005,LA,6,93
E09000005,LA,7,203
E09000005,LA,8,32188
E09000006,LA,-8,0
E09000006,LA,1,238515
E09000006,LA,2,4047
E09000006,LA,3,2507
E09000006,LA,4,411
E09000006,LA,5,133
E09000006,LA,6,77
E09000006,LA,7,57
E09000006,LA,8,19340
E09000007,LA,-8,0
E09000007,LA,1,146868
E09000007,LA,2,6651
E09000007,LA,3,4511
E09000007,LA,4,747
E09000007,LA,5,201
E09000007,LA,6,154
E09000007,LA,7,83
E09000007,LA,8,18692
E09000008,LA,-8,0
E09000008,LA,1,272523
E09000008,LA,2,4696
E09000008,LA,3,3661
E09000008,LA,4,855
E09000008,LA,5,123
E09000008,LA,6,97
E09000008,LA,7,98
E09000008,LA,8,28344
E09000009,LA,-8,0
E09000009,LA,1,254948
E09000009,LA,2,4484
E09000009,LA,3,3846
E09000009,LA,4,1197
E09000009,LA,5,135
E09000009,LA,6,83
E09000009,LA,7,112
E09000009,LA,8,30566
E09000010,LA,-8,0
E09000010,LA,1,226705
E09000010,LA,2,2342
E09000010,LA,3,2073
E09000010,LA,4,944
E09000010,LA,5,74
E09000010,LA,6,35
E09000010,LA,7,151
E09000010,LA,8,24858
E09000011,LA,-8,0
E09000011,LA,1,199766
E09000011,LA,2,5685
E09000011,LA,3,3369
E09000011,LA,4,846
E09000011,LA,5,121
E09000011,LA,6,227
E09000011,LA,7,58
E09000011,LA,8,19674
E09000012,LA,-8,0
E09000012,LA,1,166695
E09000012,LA,2,8602
E09000012,LA,3,5919
E09000012,LA,4,1137
E09000012,LA,5,95
E09000012,LA,6,496
E09000012,LA,7,139
E09000012,LA,8,26384
E09000013,LA,-8,0
E09000013,LA,1,131392
E09000013,LA,2,4825
E09000013,LA,3,2714
E09000013,LA,4,471
E09000013,LA,5,97
E09000013,LA,6,63
E09000013,LA,7,50
E09000013,LA,8,15015
E09000014,LA,-8,0
E09000014,LA,1,180100
E09000014,LA,2,5912
E09000014,LA,3,4503
E09000014,LA,4,1143
E09000014,LA,5,140
E09000014,LA,6,310
E09000014,LA,7,159
E09000014,LA,8,23733
E09000015,LA,-8,0
E09000015,LA,1,182702
E09000015,LA,2,1361
E09000015,LA,3,1873
E09000015,LA,4,787
E09000015,LA,5,59
E09000015,LA,6,22
E09000015,LA,7,137
E09000015,LA,8,22680
E09000016,LA,-8,0
E09000016,LA,1,191007
E09000016,LA,2,1993
E09000016,LA,3,1540
E09000016,LA,4,436
E09000016,LA,5,56
E09000016,LA,6,21
E09000016,LA,7,46
E09000016,LA,8,14631
E09000017,LA,-8,0
E09000017,LA,1,215049
E09000017,LA,2,2169
E09000017,LA,3,2329
E09000017,LA,4,714
E09000017,LA,5,79
E09000017,LA,6,30
E09000017,LA,7,57
E09000017,LA,8,21451
E09000018,LA,-8,0
E09000018,LA,1,199334
E09000018,LA,2,3139
E09000018,LA,3,2746
E09000018,LA,4,836
E09000018,LA,5,69
E09000018,LA,6,27
E09000018,LA,7,71
E09000018,LA,8,22459
E09000019,LA,-8,0
E09000019,LA,1,151195
E09000019,LA,2,8420
E09000019,LA,3,4973
E09000019,LA,4,814
E09000019,LA,5,141
E09000019,LA,6,278
E09000019,LA,7,86
E09000019,LA,8,17719
E09000020,LA,-8,0
E09000020,LA,1,104227
E09000020,LA,2,3363
E09000020,LA,3,1569
E09000020,LA,4,253
E09000020,LA,5,65
E09000020,LA,6,31
E09000020,LA,7,60
E09000020,LA,8,13521
E09000021,LA,-8,0
E09000021,LA,1,119304
E09000021,LA,2,2110
E09000021,LA,3,2022
E09000021,LA,4,340
E09000021,LA,5,76
E09000021,LA,6,63
E09000021,LA,7,32
E09000021,LA,8,11518
E09000022,LA,-8,0
E09000022,LA,1,222348
E09000022,LA,2,14291
E09000022,LA,3,6063
E09000022,LA,4,1197
E09000022,LA,5,190
E09000022,LA,6,314
E09000022,LA,7,143
E09000022,LA,8,24398
E09000023,LA,-8,0
E09000023,LA,1,203913
E09000023,LA,2,7268
E09000023,LA,3,5658
E09000023,LA,4,1238
E09000023,LA,5,147
E09000023,LA,6,410
E09000023,LA,7,152
E09000023,LA,8,23623
E09000024,LA,-8,0
E09000024,LA,1,151063
E09000024,LA,2,2998
E09000024,LA,3,2127
E09000024,LA,4,480
E09000024,LA,5,79
E09000024,LA,6,64
E09000024,LA,7,40
E09000024,LA,8,15921
E09000025,LA,-8,0
E09000025,LA,1,235493
E09000025,LA,2,4910
E09000025,LA,3,4168
E09000025,LA,4,1550
E09000025,LA,5,101
E09000025,LA,6,150
E09000025,LA,7,207
E09000025,LA,8,29594
E09000026,LA,-8,0
E09000026,LA,1,213103
E09000026,LA,2,2052
E09000026,LA,3,2272
E09000026,LA,4,856
E09000026,LA,5,78
E09000026,LA,6,34
E09000026,LA,7,104
E09000026,LA,8,23518
E09000027,LA,-8,0
E09000027,LA,1,138752
E09000027,LA,2,2894
E09000027,LA,3,1848
E09000027,LA,4,319
E09000027,LA,5,93
E09000027,LA,6,57
E09000027,LA,7,23
E09000027,LA,8,11845
E09000028,LA,-8,0
E09000028,LA,1,211847
E09000028,LA,2,11596
E09000028,LA,3,6586
E09000028,LA,4,1726
E09000028,LA,5,192
E09000028,LA,6,446
E09000028,LA,7,152
E09000028,LA,8,23592
E09000029,LA,-8,0
E09000029,LA,1,149012
E09000029,LA,2,1935
E09000029,LA,3,1605
E09000029,LA,4,315
E09000029,LA,5,68
E09000029,LA,6,22
E09000029,LA,7,22
E09000029,LA,8,12678
E09000030,LA,-8,0
E09000030,LA,1,210070
E09000030,LA,2,10021
E09000030,LA,3,6376
E09000030,LA,4,1161
E09000030,LA,5,155
E09000030,LA,6,324
E09000030,LA,7,90
E09000030,LA,8,24688
E09000031,LA,-8,0
E09000031,LA,1,191049
E09000031,LA,2,5032
E09000031,LA,3,3591
E09000031,LA,4,976
E09000031,LA,5,122
E09000031,LA,6,208
E09000031,LA,7,117
E09000031,LA,8,21087
E09000032,LA,-8,0
E09000032,LA,1,236553
E09000032,LA,2,8342
E09000032,LA,3,4762
E09000032,LA,4,700
E09000032,LA,5,152
E09000032,LA,6,146
E09000032,LA,7,82
E09000032,LA,8,22821
E09000033,LA,-8,0
E09000033,LA,1,147855
E09000033,LA,2,6155
E09000033,LA,3,2741
E09000033,LA,4,578
E09000033,LA,5,98
E09000033,LA,6,85
E09000033,LA,7,72
E09000033,LA,8,19885
W06000001,LA,-8,0
W06000001,LA,1,51430
W06000001,LA,2,620
W06000001,LA,3,470
W06000001,LA,4,47
W06000001,LA,5,23
W06000001,LA,6,4
W06000001,LA,7,3
W06000001,LA,8,4552
W06000002,LA,-8,0
W06000002,LA,1,85574
W06000002,LA,2,1303
W06000002,LA,3,1594
W06000002,LA,4,179
W06000002,LA,5,93
W06000002,LA,6,53
W06000002,LA,7,9
W06000002,LA,8,9163
W06000003,LA,-8,0
W06000003,LA,1,85973
W06000003,LA,2,1330
W06000003,LA,3,872
W06000003,LA,4,140
W06000003,LA,5,45
W06000003,LA,6,7
W06000003,LA,7,9
W06000003,LA,8,7986
W06000004,LA,-8,0
W06000004,LA,1,70523
W06000004,LA,2,1002
W06000004,LA,3,699
W06000004,LA,4,104
W06000004,LA,5,28
W06000004,LA,6,9
W06000004,LA,7,7
W06000004,LA,8,6537
W06000005,LA,-8,0
W06000005,LA,1,115441
W06000005,LA,2,1582
W06000005,LA,3,1042
W06000005,LA,4,171
W06000005,LA,5,33
W06000005,LA,6,5
W06000005,LA,7,17
W06000005,LA,8,9287
W06000006,LA,-8,0
W06000006,LA,1,98828
W06000006,LA,2,1445
W06000006,LA,3,1048
W06000006,LA,4,195
W06000006,LA,5,44
W06000006,LA,6,10
W06000006,LA,7,14
W06000006,LA,8,8690
W06000008,LA,-8,0
W06000008,LA,1,51998
W06000008,LA,2,941
W06000008,LA,3,1617
W06000008,LA,4,225
W06000008,LA,5,140
W06000008,LA,6,49
W06000008,LA,7,16
W06000008,LA,8,6405
W06000009,LA,-8,0
W06000009,LA,1,92094
W06000009,LA,2,1093
W06000009,LA,3,1050
W06000009,LA,4,149
W06000009,LA,5,52
W06000009,LA,6,12
W06000009,LA,7,7
W06000009,LA,8,8094
W06000010,LA,-8,0
W06000010,LA,1,139511
W06000010,LA,2,1845
W06000010,LA,3,1500
W06000010,LA,4,202
W06000010,LA,5,79
W06000010,LA,6,23
W06000010,LA,7,19
W06000010,LA,8,12307
W06000011,LA,-8,0
W06000011,LA,1,175739
W06000011,LA,2,3145
W06000011,LA,3,2972
W06000011,LA,4,408
W06000011,LA,5,133
W06000011,LA,6,33
W06000011,LA,7,13
W06000011,LA,8,15414
W06000012,LA,-8,0
W06000012,LA,1,105148
W06000012,LA,2,1844
W06000012,LA,3,1227
W06000012,LA,4,170
W06000012,LA,5,46
W06000012,LA,6,8
W06000012,LA,7,7
W06000012,LA,8,8732
W06000013,LA,-8,0
W06000013,LA,1,108771
W06000013,LA,2,1618
W06000013,LA,3,1130
W06000013,LA,4,156
W06000013,LA,5,49
W06000013,LA,6,13
W06000013,LA,7,16
W06000013,LA,8,7729
W06000014,LA,-8,0
W06000014,LA,1,97072
W06000014,LA,2,1803
W06000014,LA,3,1213
W06000014,LA,4,178
W06000014,LA,5,58
W06000014,LA,6,33
W06000014,LA,7,13
W06000014,LA,8,7089
W06000015,LA,-8,0
W06000015,LA,1,257826
W06000015,LA,2,7175
W06000015,LA,3,7027
W06000015,LA,4,1001
W06000015,LA,5,329
W06000015,LA,6,208
W06000015,LA,7,68
W06000015,LA,8,22679
W06000016,LA,-8,0
W06000016,LA,1,174581
W06000016,LA,2,2947
W06000016,LA,3,2158
W06000016,LA,4,269
W06000016,LA,5,100
W06000016,LA,6,38
W06000016,LA,7,8
W06000016,LA,8,13742
W06000018,LA,-8,0
W06000018,LA,1,130425
W06000018,LA,2,1940
W06000018,LA,3,1373
W06000018,LA,4,178
W06000018,LA,5,61
W06000018,LA,6,13
W06000018,LA,7,8
W06000018,LA,8,9484
W06000019,LA,-8,0
W06000019,LA,1,49953
W06000019,LA,2,721
W06000019,LA,3,483
W06000019,LA,4,47
W06000019,LA,5,17
W06000019,LA,6,2
W06000019,LA,7,7
W06000019,LA,8,3914
W06000020,LA,-8,0
W06000020,LA,1,67893
W06000020,LA,2,1080
W06000020,LA,3,758
W06000020,LA,4,107
W06000020,LA,5,37
W06000020,LA,6,4
W06000020,LA,7,2
W06000020,LA,8,5233
W06000021,LA,-8,0
W06000021,LA,1,71025
W06000021,LA,2,872
W06000021,LA,3,763
W06000021,LA,4,98
W06000021,LA,5,42
W06000021,LA,6,12
W06000021,LA,7,4
W06000021,LA,8,5423
W06000022,LA,-8,0
W06000022,LA,1,115026
W06000022,LA,2,1908
W06000022,LA,3,1397
W06000022,LA,4,275
W06000022,LA,5,65
W06000022,LA,6,15
W06000022,LA,7,16
W06000022,LA,8,8721
W06000023,LA,-8,0
W06000023,LA,1,100163
W06000023,LA,2,1205
W06000023,LA,3,1060
W06000023,LA,4,172
W06000023,LA,5,64
W06000023,LA,6,30
W06000023,LA,7,10
W06000023,LA,8,9832
W06000024,LA,-8,0
W06000024,LA,1,43637
W06000024,LA,2,682
W06000024,LA,3,361
W06000024,LA,4,64
W06000024,LA,5,18
W06000024,LA,6,4
W06000024,LA,7,0
W06000024,LA,8,2910