properties.InterZone,x,y
S02001236,-2.3041797230733936,57.108370151906136
S02001237,-2.240553415226975,57.12159794829654
S02001238,-2.181215984094886,57.115798277930125
S02001239,-2.133237175952465,57.122073088074615
S02001240,-2.123329355807595,57.13314987542658
S02001241,-2.1425357123232818,57.128145153617254
S02001242,-2.1502856918149083,57.13432509730935
S02001243,-2.1849645488352034,57.13606122956215
S02001244,-2.162191903273885,57.14843993819159
S02001245,-2.135320927057088,57.151861994169835
S02001246,-2.1169644780955195,57.149128139756115
S02001247,-2.1328740250749347,57.143977020589624
S02001248,-2.128017395675324,57.13824535828369
S02001249,-2.1077286119494127,57.14508003583088
S02001250,-2.0943791820804734,57.14333978336456
S02001251,-2.10525584522743,57.13777780663718
S02001252,-2.109153751526318,57.13145336425312
S02001253,-2.111276572036586,57.12144395300518
S02001254,-2.103460573692705,57.10369462907257
S02001255,-2.08892791802831,57.09752209351205
S02001256,-2.07530891024851,57.1185788326068
S02001257,-2.0875831864764938,57.133991796404615
S02001258,-2.066900567137727,57.1369397664007
S02001259,-2.083193544524183,57.14922741024071
S02001260,-2.093015223491395,57.15518533936866
S02001261,-2.104412779516435,57.15336301044236
S02001262,-2.118316639221186,57.15721614005089
S02001263,-2.1049106059172824,57.16146540964701
S02001264,-2.0878920721345566,57.16188791575452
S02001265,-2.093233624830164,57.17115162943709
S02001266,-2.1160564282260474,57.17179725469046
S02001267,-2.1359573049573277,57.17314055209012
S02001268,-2.129061397606478,57.16616598322935
S02001269,-2.138550964030434,57.15912968858873
S02001270,-2.1592804888400505,57.15499286612134
S02001271,-2.17500614399897,57.15520500682957
S02001272,-2.150208261085732,57.162755509029395
S02001273,-2.1633956772374927,57.16540781469578
S02001274,-2.1528198193127572,57.1700376696138
S02001275,-2.230062505263604,57.17013403750445
S02001276,-2.16992565136476,57.17692378068671
S02001277,-2.1952267904805463,57.1958046258348
S02001278,-2.2335467785181757,57.211459678303584
S02001279,-2.135433728528627,57.17963772998939
S02001280,-2.1486016522319016,57.197736020324854
S02001281,-2.1178716732012,57.19061549238522
S02001282,-2.11227792574323,57.18079646240753
S02001283,-2.0939285827902343,57.18456654742336
S02001284,-2.0958419059376268,57.206144235551086
S02001285,-3.3244282881814318,57.04543853365974
S02001286,-2.720422703329314,57.00944738932995
S02001287,-2.5177518593742776,56.85222998134713
S02001288,-2.4914204934623587,56.803273514743374
S02001289,-2.4047297709807376,56.8940012327236
S02001290,-2.282530506741755,56.973464810008515
S02001291,-2.222800058773796,56.96212240654873
S02001292,-2.2208510519852185,56.96951320370342
S02001293,-2.1518621758715653,57.03311861384376
S02001294,-2.1393337129727934,57.05780863305495
S02001295,-2.1388842921534312,57.08440726357806
S02001296,-2.4055257044909517,57.10133809010255
S02001297,-2.4792137040155846,57.057840429063454
S02001298,-2.5027931963173806,57.05391590914694
S02001299,-2.560459846070472,57.097074407761035
S02001300,-2.8780102931291913,57.18736929111562
S02001301,-2.5976839810750456,57.24037992745651
S02001302,-2.4453860639136495,57.236509678205145
S02001303,-2.392461786954119,57.2894070898962
S02001304,-2.375494052026235,57.28000977193773
S02001305,-2.439671788207806,57.295086031186784
S02001306,-2.341973657835349,57.2425349740641
S02001307,-2.315549581608073,57.20177169237499
S02001308,-2.319533123942678,57.154391723826116
S02001309,-2.2854678044599726,57.15417609529541
S02001310,-2.2965310992133365,57.15004303980601
S02001311,-2.2215320356988553,57.25753100827766
S02001312,-2.117646908714765,57.24885897605743
S02001313,-2.0703822552441538,57.36578654689745
S02001314,-2.0873253233924896,57.3690569856947
S02001315,-2.025521205089836,57.37668581719623
S02001316,-2.201136366744347,57.35783857657319
S02001317,-2.3336406854470226,57.339847831722125
S02001318,-2.3739856670140735,57.4237031724116
S02001319,-2.5901193676888528,57.39658415628353
S02001320,-2.8163189733694405,57.39669961424816
S02001321,-2.7877762715067274,57.446477086438314
S02001322,-2.518555097528826,57.51171651110055
S02001323,-2.4590078010375445,57.53937469314255
S02001324,-2.716512288898375,57.63088888301991
S02001325,-2.600596170552845,57.59979092637021
S02001326,-2.5293780629526332,57.6642994503232
S02001327,-2.4899564025937067,57.6677833372874
S02001328,-2.3989371409723286,57.622925657864954
S02001329,-2.2545026496000413,57.58764653830604
S02001330,-2.1227674423140592,57.552954213385576
S02001331,-2.0088580014598314,57.52347693431999
S02001332,-2.1243846854924135,57.467509482342585
S02001333,-1.8825676924635455,57.433628882515386
S02001334,-1.8024144735588186,57.49148644062966
S02001335,-1.7980282583353024,57.50387414371253
S02001336,-1.7846428614745187,57.508380440853266
S02001337,-1.8103363037592364,57.511318471196695
S02001338,-1.9035339211720321,57.54674223270712
S02001339,-2.0318644896013502,57.65390543956805
S02001340,-2.0151541826995065,57.68126611266563
S02001341,-2.0273904806409315,57.686133981107226
S02001342,-2.0154172442173257,57.68789881529056
S02001343,-2.0138061727870507,57.69255458276003
S02001344,-3.0665718713936534,56.51750667738255
S02001345,-2.802794137805838,56.51751022561822
S02001346,-2.834875593334164,56.47950705244196
S02001347,-2.8191613100868147,56.48443814104488
S02001348,-2.7314873896058067,56.49887437902862
S02001349,-2.7083387535561996,56.504624718741155
S02001350,-2.6727695306015242,56.57323179640734
S02001351,-2.6092295067901996,56.56337748526167
S02001352,-2.6003523791950567,56.55710784833865
S02001353,-2.58236484427912,56.55989115128927
S02001354,-2.5705548269663114,56.567350972813124
S02001355,-2.58700240401282,56.57093838163492
S02001356,-2.5262320635151427,56.65414760230893
S02001357,-2.45932867191549,56.710836903651824
S02001358,-2.4676483741311626,56.72197986230618
S02001359,-2.5323685905839204,56.749144548919624
S02001360,-2.677573997524065,56.69395773801561
S02001361,-2.6476984795659226,56.7300659471563
S02001362,-2.6672434227532804,56.73440424452493
S02001363,-2.873919778358743,56.61319394642614
S02001364,-2.8811518658396538,56.649913766906025
S02001365,-2.8818775597684456,56.642781250537055
S02001366,-2.9023032667430653,56.638423934638126
S02001367,-3.065588059489569,56.62776094278385
S02001368,-3.0058476173701356,56.67689301587804
S02001369,-3.0195406981272592,56.818527033566475
S02001370,-6.0165077503226385,56.44054457437271
S02001371,-5.54456270460033,56.39674376621219
S02001372,-5.471701022835147,56.41936207328962
S02001373,-5.232520741404916,56.42611510425113
S02001374,-4.941990657004243,56.41863511727397
S02001375,-5.282582856095994,56.18731241765007
S02001376,-5.407477387678878,56.026580338476066
S02001377,-5.520619310599254,55.87754118032765
S02001378,-6.244734943366822,55.7602899520674
S02001379,-5.622296781769463,55.497817664750336
S02001380,-5.6041659332025455,55.42569766316006
S02001381,-5.099680044339353,55.830574715558605
S02001382,-5.055760389347112,55.83368618520716
S02001383,-5.215159625198733,55.98927223701327
S02001384,-4.910065250247648,56.179125402642924
S02001385,-4.925452225465377,55.969314904608915
S02001386,-4.93331582242301,55.94472568589934
S02001387,-4.815005843778861,56.05835446264503
S02001388,-4.772377898138379,56.0200882534892
S02001389,-4.721578969561983,56.011724783761935
S02001390,-4.730486494562093,56.00526747390694
S02001391,-4.712125282229737,55.99975376246396
S02001392,-4.6947990932557895,56.06213195341617
S02001393,-3.8458938770793876,56.12859988852227
S02001394,-3.82079156670054,56.164033396232334
S02001395,-3.8537607537322565,56.14964182068259
S02001396,-3.7991438798616066,56.15210701930138
S02001397,-3.740247725310675,56.166577509957975
S02001398,-3.7441337087848097,56.15313750991818
S02001399,-3.646742727926542,56.17358893752719
S02001400,-3.716766447320716,56.11085740815381
S02001401,-3.7591551575247455,56.126297812487536
S02001402,-3.7869557140391845,56.11398731341163
S02001403,-3.801745505533878,56.12408419986472
S02001404,-3.8188866436711635,56.116947254582364
S02001405,-5.039771050687824,54.907784608065576
S02001406,-5.017327585879256,54.90433022614143
S02001407,-5.024785463417396,54.89627962062901
S02001408,-5.052865960243775,54.91400995935082
S02001409,-4.964287539561183,54.7613886947959
S02001410,-4.722807083381086,54.944067381975835
S02001411,-4.481914870593327,54.798156430910446
S02001412,-4.431305212905552,55.023162333779936
S02001413,-4.154369657882213,54.92572446240394
S02001414,-3.967798864455355,54.857414037478776
S02001415,-3.8759324071920895,54.92098850661775
S02001416,-3.823032808443094,54.93108963694231
S02001417,-3.755740050506068,54.95572142836703
S02001418,-4.136027346139452,55.13855035897447
S02001419,-3.942700891171815,55.38154268669032
S02001420,-3.8693699454916617,55.2524990833035
S02001421,-3.651374833048849,55.17171725291372
S02001422,-3.755580365165987,55.087731490417134
S02001423,-3.634381145383731,55.08311769719524
S02001424,-3.62280054723405,55.07400016731665
S02001425,-3.6164211096711885,55.06285380268621
S02001426,-3.6421170669254983,54.97808700979701
S02001427,-3.509989174408562,55.00892875687894
S02001428,-3.581153960661002,55.059666374892885
S02001429,-3.5793203577543333,55.06507559102005
S02001430,-3.6018328778085245,55.06717458852351
S02001431,-3.6003153854649486,55.074964560169136
S02001432,-3.5799307290649285,55.103253884338514
S02001433,-3.5701648703879263,55.09357937671588
S02001434,-3.4989383607344715,55.058565354181006
S02001435,-3.4395780867251955,55.12232336040002
S02001436,-3.4151661209108615,55.20548485708937
S02001437,-3.4345019155004914,55.33425174774454
S02001438,-3.0633483262041756,55.22378419132288
S02001439,-3.1967705427446766,55.13903811280738
S02001440,-3.3472732621047783,55.04951679878636
S02001441,-3.2614214486158257,54.98653718923993
S02001442,-3.2131582374466814,55.01206809624574
S02001443,-3.1841990560048625,54.97845417050847
S02001444,-3.0929074475500387,55.010935850689535
S02001445,-3.019292835278147,56.456633830468675
S02001446,-2.984410214963815,56.45700002167454
S02001447,-2.9943528986478682,56.46394252109374
S02001448,-2.976571042147164,56.46284135645869
S02001449,-2.9592883011470454,56.464510925101685
S02001450,-2.9753054351292323,56.4720580848594
S02001451,-2.968372589513302,56.47705347602872
S02001452,-2.9592458070949097,56.470445167397074
S02001453,-2.950233080686545,56.47534315524936
S02001454,-2.9287175379133332,56.469698779245526
S02001455,-2.9147144418325523,56.48024983112619
S02001456,-2.8996426652314313,56.472544684023426
S02001457,-2.895465565512033,56.47885156312139
S02001458,-2.876776739417886,56.47048468339661
S02001459,-2.8692713232826956,56.47589118914412
S02001460,-2.8535457530394774,56.47337122348723
S02001461,-2.87308806821524,56.48707113835023
S02001462,-2.9232852861523866,56.48911339119295
S02001463,-2.9422368817777778,56.494556299305266
S02001464,-2.9352188191781345,56.48080143377525
S02001465,-2.9689728468090166,56.48583121746071
S02001466,-2.9868122202386704,56.49297173195586
S02001467,-3.002257331994033,56.49131791235688
S02001468,-2.995333582582532,56.4796000999272
S02001469,-2.991931018210138,56.47227956056235
S02001470,-3.0142176989151923,56.46687306155835
S02001471,-3.038145017770278,56.46667833960499
S02001472,-3.038249539707606,56.47482093339238
S02001473,-3.017976027270373,56.47457124354992
S02001474,-3.016173305282134,56.48744792592319
S02001475,-3.055445064774892,56.479577036558176
S02001476,-4.3750927863958005,55.30289354596073
S02001477,-4.516893258318391,55.380755621078144
S02001478,-4.403406380580885,55.45279287727269
S02001479,-4.461611638652238,55.435029518143
S02001480,-4.379424898305838,55.51472703067418
S02001481,-4.172646784291871,55.45778039030932
S02001482,-4.173926149992004,55.397929867947994
S02001483,-4.255776788902886,55.446267083075966
S02001484,-4.268431302313964,55.4555585242575
S02001485,-4.301318562883151,55.47071987061976
S02001486,-4.386162389745709,55.65034328633754
S02001487,-4.510076422634856,55.682039284302554
S02001488,-4.523315868755917,55.681728921986945
S02001489,-4.2814079768150854,55.61085380193648
S02001490,-4.330366173648245,55.606452900732286
S02001491,-4.381642855125478,55.598987442339954
S02001492,-4.45537128303346,55.600565910258666
S02001493,-4.497933384907574,55.585168057919525
S02001494,-4.487555342664606,55.591895790086646
S02001495,-4.492395401063026,55.598329075514265
S02001496,-4.4846944359533945,55.60723908728433
S02001497,-4.47860423872767,55.61328281205171
S02001498,-4.4747438452828705,55.620924815670385
S02001499,-4.484417355725269,55.63223801183601
S02001500,-4.499820021721744,55.62724846911052
S02001501,-4.500235368238612,55.61833140765931
S02001502,-4.50732850321011,55.6112067973542
S02001503,-4.518909031458394,55.60262649525324
S02001504,-4.536591910932845,55.625078641236584
S02001505,-4.529898754510939,55.63919498844482
S02001506,-4.368516913934461,55.952327388235396
S02001507,-4.32556785248815,55.95222966889465
S02001508,-4.312839834376787,55.945712080547985
S02001509,-4.287834881240877,55.940141503922774
S02001510,-4.320626662084455,55.927583171453506
S02001511,-4.333364534847646,55.92540910680759
S02001512,-4.3515597258932806,55.93113205703361
S02001513,-4.344556432392148,55.92019400965475
S02001514,-4.341021550565706,55.909760379700096
S02001515,-4.32805603503109,55.90636957969468
S02001516,-4.320588512251846,55.91656681016181
S02001517,-4.3116393602787895,55.91281061646255
S02001518,-4.234387047405825,55.93550983736683
S02001519,-4.226205366770582,55.914581023985555
S02001520,-4.2228879546163185,55.91022721879863
S02001521,-4.206748920017728,55.90149126744624
S02001522,-4.2017057089686665,55.90315014236479
S02001523,-4.206885812928449,55.90721162875571
S02001524,-4.179397672723899,55.92431768847595
S02001525,-4.14697468466584,55.91936449451313
S02001526,-4.144440881211999,55.93115563137001
S02001527,-4.153586063378658,55.94631447037146
S02001528,-4.140548184461204,55.93904409808213
S02001529,-4.102877170148323,55.93089648532936
S02001530,-4.08183966711631,55.95383866869324
S02001531,-4.1337560835333935,55.945099731207435
S02001532,-4.139255217054129,55.96861581752341
S02001533,-4.21567840752234,55.9882286766542
S02001534,-3.0306306561356817,55.92294524418204
S02001535,-3.0579558756399865,55.93602195720027
S02001536,-3.0735102471879876,55.94082324059768
S02001537,-3.054891694002596,55.94516339606473
S02001538,-3.0397905314828706,55.94131306414796
S02001539,-3.0221441436699865,55.94286334105305
S02001540,-2.9852246423131903,55.956065817868726
S02001541,-2.972294914595584,55.958005983603364
S02001542,-2.9328052536639033,55.96956469291948
S02001543,-2.9751570243786944,55.94889276582823
S02001544,-2.9677127598947646,55.929789268800846
S02001545,-2.9179586105527684,55.89602932711497
S02001546,-2.8676330254741216,55.98155967010769
S02001547,-2.7428891235954946,55.89654108255579
S02001548,-2.7925918873728177,55.956873774346576
S02001549,-2.7753366262591794,55.954302307084404
S02001550,-2.7823129810878258,56.01840342032924
S02001551,-2.736528588445788,56.05721454315848
S02001552,-2.7311961905082875,56.032901405885134
S02001553,-2.5628938517192728,55.9651994515563
S02001554,-2.5377510158574443,55.989777335485385
S02001555,-2.511549295899392,55.99489771699457
S02001556,-4.463316140679854,55.773352190302695
S02001557,-4.4000726487018955,55.8069307188391
S02001558,-4.383633099474537,55.8085488941425
S02001559,-4.399162205864212,55.791424445235606
S02001560,-4.379130381330558,55.794463767155996
S02001561,-4.3486210367653095,55.78456243703143
S02001562,-4.343524758891744,55.77456731036
S02001563,-4.314486809790963,55.78005859821063
S02001564,-4.376710559527803,55.74645253910726
S02001565,-4.287414433522705,55.71849483241951
S02001566,-4.294962397427386,55.774526009515654
S02001567,-4.262339491575671,55.77987710585599
S02001568,-4.282373568271049,55.78538336133005
S02001569,-4.289658725018523,55.79111305204055
S02001570,-4.2726199968586975,55.793430599904454
S02001571,-4.270267683461238,55.803400254810704
S02001572,-4.285432348872743,55.80486254509402
S02001573,-4.298760823229946,55.79555829430849
S02001574,-4.301126488321878,55.80690222028841
S02001575,-4.31199165435353,55.802486803266845
S02001576,-3.3661088845780256,55.86649847834363
S02001577,-3.329478344298292,55.90543613535933
S02001578,-3.3027096675567846,55.902892231583806
S02001579,-3.285083716572201,55.90746762501113
S02001580,-3.2670493589929124,55.88811707970524
S02001581,-3.252149950311363,55.91069261790743
S02001582,-3.2767004715829455,55.91220468909189
S02001583,-3.292525987063669,55.9183145620451
S02001584,-3.275710585713001,55.91898108204979
S02001585,-3.2779946328291154,55.92279337780574
S02001586,-3.2848444070218665,55.92698563742021
S02001587,-3.259589675784838,55.93302104600776
S02001588,-3.26099599306523,55.9245135008679
S02001589,-3.247108667250316,55.929265982584404
S02001590,-3.2401711011092376,55.93715939707132
S02001591,-3.2289769969298456,55.939892136359234
S02001592,-3.227764475649962,55.933291014088525
S02001593,-3.239442433892461,55.92152614603739
S02001594,-3.2228357047110503,55.9225191705291
S02001595,-3.2176734870905834,55.916202963856875
S02001596,-3.2299309194198584,55.910536299889955
S02001597,-3.2249624872368527,55.90681897464035
S02001598,-3.216910706125128,55.904212603964694
S02001599,-3.2006486034265227,55.90077786359289
S02001600,-3.1445572561706565,55.89857174024478
S02001601,-3.173754538713212,55.903528097857034
S02001602,-3.1578685033889884,55.90251495385264
S02001603,-3.1417003520315516,55.904750149347855
S02001604,-3.1330501943116014,55.913036548780006
S02001605,-3.1406376849664457,55.91398342101419
S02001606,-3.150080193049147,55.91120452077939
S02001607,-3.1835805778868713,55.913227802155944
S02001608,-3.155097065109674,55.92023736746332
S02001609,-3.1771052163722056,55.92476544225989
S02001610,-3.1581513512470734,55.934209278777985
S02001611,-3.1720855612447294,55.936753563636856
S02001612,-3.185539961235375,55.93204963819808
S02001613,-3.1880555653992717,55.93791830224034
S02001614,-3.199412079634942,55.93632340591003
S02001615,-3.2022329428601046,55.92710471861261
S02001616,-3.2151342867865447,55.93150321364382
S02001617,-3.21065055528539,55.93881807928019
S02001618,-3.221730463743556,55.937902759518806
S02001619,-3.216874215198537,55.94277112364351
S02001620,-3.206168706892828,55.94577001689751
S02001621,-3.191513278219715,55.94187551714174
S02001622,-3.191814323177532,55.950947581824316
S02001623,-3.165848545668864,55.94669012867976
S02001624,-3.1678195395539372,55.95419269878231
S02001625,-3.1595155152867838,55.95801388963177
S02001626,-3.1426086721436857,55.94351977081522
S02001627,-3.133451749850007,55.92449771908748
S02001628,-3.1217109768173126,55.932305239491676
S02001629,-3.113067647287491,55.94105577396221
S02001630,-3.097463299272125,55.9365577694308
S02001631,-3.0961221010760998,55.94717932881331
S02001632,-3.1206476242047585,55.95668919490797
S02001633,-3.1206809666862214,55.94600231312714
S02001634,-3.133842362523341,55.95305046616527
S02001635,-3.139855411649635,55.95136295698991
S02001636,-3.1350464183039146,55.96089522012594
S02001637,-3.1454155410736266,55.95954980338491
S02001638,-3.1539557426520695,55.96335046743217
S02001639,-3.15752517545035,55.967530961729906
S02001640,-3.1674793157454886,55.979054345412955
S02001641,-3.186737751404662,55.978048901745815
S02001642,-3.167644847983304,55.975809057508165
S02001643,-3.1754943548044006,55.97208653508681
S02001644,-3.1679758940843707,55.96848368279315
S02001645,-3.167719333131844,55.9625913592134
S02001646,-3.1762078231449546,55.962797876232706
S02001647,-3.177541768988652,55.95780300565581
S02001648,-3.179931740691704,55.966937508197354
S02001649,-3.1876922791810607,55.971585836691496
S02001650,-3.1959011442264798,55.97574139192987
S02001651,-3.2099619731922555,55.97578683967525
S02001652,-3.2108586670473,55.96709335858085
S02001653,-3.1943792276734393,55.96530521058008
S02001654,-3.1854944357416413,55.9642446218404
S02001655,-3.189165332021825,55.95946188717432
S02001656,-3.201921757139532,55.955614633271466
S02001657,-3.1985483542645294,55.9600086385453
S02001658,-3.2105667171800465,55.95875851431642
S02001659,-3.2234094173719776,55.96057938921995
S02001660,-3.2209601357830557,55.949270053920465
S02001661,-3.25203048654189,55.94105505936348
S02001662,-3.24356931270926,55.94985192176676
S02001663,-3.2330233488420035,55.959852137190275
S02001664,-3.2585881575616504,55.95598351219609
S02001665,-3.247324327205934,55.96428855673734
S02001666,-3.242885943445088,55.970764266458346
S02001667,-3.225087438454655,55.97312921057566
S02001668,-3.2255993923867683,55.978073318910546
S02001669,-3.2313645233242747,55.980233005036936
S02001670,-3.256156569643601,55.97775156716286
S02001671,-3.2581136712421466,55.97016499455037
S02001672,-3.281139512152619,55.969987402519244
S02001673,-3.302161194106642,55.97366329157263
S02001674,-3.3056255928417064,55.963500542721555
S02001675,-3.2881661557710515,55.95722723258272
S02001676,-3.305039026933633,55.954596807535644
S02001677,-3.3034469881261264,55.94646375234017
S02001678,-3.2835089646584814,55.950947188071524
S02001679,-3.275054151434848,55.94620655296257
S02001680,-3.2734958059166397,55.937371063363834
S02001681,-3.2852606384970704,55.93428019529966
S02001682,-3.3068430016873007,55.932609986170725
S02001683,-3.3536129793801623,55.93666859634935
S02001684,-3.3878687070417826,55.95992770802365
S02001685,-3.3889047187122383,55.986051985087734
S02001686,-3.416106882425312,55.9889307188961
S02001687,-7.32845522137568,57.24174178719451
S02001688,-7.292699795534605,57.595259324758004
S02001689,-6.8976725428928205,57.90460146675312
S02001690,-6.723831669545666,58.09542206388759
S02001691,-6.491479319525935,58.34575364613275
S02001692,-6.3856847419303016,58.27882652866492
S02001693,-6.40161131234872,58.21648454429049
S02001694,-6.364791821767046,58.21535219021725
S02001695,-6.232718311492149,58.21583310580911
S02001696,-3.922764879437733,56.0382416718556
S02001697,-3.9546870840811006,56.01728915111666
S02001698,-3.9144071595428858,56.01570914716034
S02001699,-3.9105961746546383,56.00505388334758
S02001700,-3.9350021739579013,55.98435517134544
S02001701,-3.887701556053656,56.003333382523444
S02001702,-3.8669666611547404,55.99141495131996
S02001703,-3.850550501453253,56.03149932400613
S02001704,-3.8346020509591217,56.020389007072836
S02001705,-3.8191175341140804,56.02559790578718
S02001706,-3.805733869235135,56.02582558201098
S02001707,-3.805643661176011,56.03344686421663
S02001708,-3.790779352117614,56.0257516221869
S02001709,-3.7805018558414867,56.02926092532497
S02001710,-3.7798649592291427,56.0572591858483
S02001711,-3.783397895964666,56.01891073293882
S02001712,-3.790927068407483,56.01310294911497
S02001713,-3.783096871076544,56.00551732547473
S02001714,-3.761920250710654,56.01112261203003
S02001715,-3.7719403929768647,55.99744059989579
S02001716,-3.7975760897905655,55.99820780684257
S02001717,-3.8147772037958774,56.00313514375972
S02001718,-3.8302822573401696,56.003847603829705
S02001719,-3.8171643400348407,55.998065266669755
S02001720,-3.8354516375612344,55.975598530585785
S02001721,-3.777991457092454,55.98582960866172
S02001722,-3.7922286964930514,55.96690034760803
S02001723,-3.7739593872979196,55.94060640480696
S02001724,-3.741882326156139,55.98273842416819
S02001725,-3.7215344698451873,55.98013843108496
S02001726,-3.6793312557352404,55.97649236843348
S02001727,-3.6945543908965295,56.00276685281552
S02001728,-3.729118789116888,55.989229777108285
S02001729,-3.745476994515228,55.994139349186746
S02001730,-3.733241342461508,56.009579399039
S02001731,-3.715897915003521,56.017241964735454
S02001732,-3.7079771864376636,56.01103102905224
S02001733,-3.7161199215948817,56.00343910175056
S02001734,-3.638649532767744,55.99860159879998
S02001735,-3.6058707280472557,56.00663795525763
S02001736,-3.615584292417035,56.0144461724206
S02001737,-3.5612177597577888,56.001610170951324
S02001738,-3.6925490586087752,56.075576750277065
S02001739,-3.6262276713721406,56.09321087257201
S02001740,-3.5284328625052384,56.11555594735443
S02001741,-3.5974836436291273,56.07003705856227
S02001742,-3.5366742402141575,56.051094751652414
S02001743,-3.482437000311094,56.053182627940515
S02001744,-3.475174187915564,56.081460029050824
S02001745,-3.4692797863696443,56.07336028842287
S02001746,-3.4488507281985896,56.07817811846885
S02001747,-3.458915030611893,56.068651626386625
S02001748,-3.4482055578871815,56.063838940266834
S02001749,-3.4395429837647424,56.07252616431993
S02001750,-3.4289716401963144,56.09037186421641
S02001751,-3.4070363541041813,56.07108729994701
S02001752,-3.428892596307766,56.071346201962314
S02001753,-3.425847486127398,56.06672857918869
S02001754,-3.422306346412533,56.062501692100454
S02001755,-3.4039805466836297,56.060733794694116
S02001756,-3.397515842178259,56.05322262875705
S02001757,-3.4215568893669603,56.052023318079286
S02001758,-3.4392518591170496,56.05591776813372
S02001759,-3.4338834599503456,56.04282470429391
S02001760,-3.4155025842921947,56.04051880184251
S02001761,-3.423792220058127,56.03576313115069
S02001762,-3.4301382000980403,56.02644253530215
S02001763,-3.3999092005843634,56.023349288402194
S02001764,-3.3838153027711697,56.03259967807048
S02001765,-3.367531989508506,56.03706905898864
S02001766,-3.3582009212215516,56.03171580901187
S02001767,-3.3483508301279366,56.04080566908266
S02001768,-3.3800073518797125,56.065723892804854
S02001769,-3.3863556689959866,56.1006742928946
S02001770,-3.35038990178495,56.107820757535336
S02001771,-3.3974115743445537,56.13015261908413
S02001772,-3.3895490915990694,56.13607442578282
S02001773,-3.3782170043802084,56.13559643553529
S02001774,-3.34733909582058,56.15317404352753
S02001775,-3.328211818024928,56.16389092697165
S02001776,-3.261900758690893,56.14180064449495
S02001777,-3.3073803648274676,56.13083038995575
S02001778,-3.316955354804292,56.12461206470837
S02001779,-3.2980279878917127,56.08190159845267
S02001780,-3.2444877562987546,56.07094236440741
S02001781,-3.2251571706395303,56.065210659637415
S02001782,-3.175538955706026,56.069331564974945
S02001783,-3.1855713645996704,56.08427163938479
S02001784,-3.160556066051999,56.11147843539805
S02001785,-3.16740773720454,56.115247139395485
S02001786,-3.1758491276624325,56.11811192233661
S02001787,-3.208596752619685,56.1137335800451
S02001788,-3.197325104203064,56.124377861891595
S02001789,-3.1897614832066172,56.12735402957912
S02001790,-3.177953422727521,56.12694965575861
S02001791,-3.1771565660536782,56.138366768669634
S02001792,-3.178431218592641,56.13580181944087
S02001793,-3.15868076376169,56.12583262015259
S02001794,-3.1397041565199406,56.12146475464326
S02001795,-3.137849036660446,56.13467679727301
S02001796,-3.1216267452004276,56.130435471684116
S02001797,-3.097710040558418,56.16210904804448
S02001798,-3.2155644748408054,56.167249828773855
S02001799,-3.2408075831936465,56.20721220372246
S02001800,-3.202727957937044,56.19628151869265
S02001801,-3.1875433712646704,56.197942389800886
S02001802,-3.1908804543755394,56.19080504314915
S02001803,-3.1679959440840366,56.19580624099967
S02001804,-3.180987047009138,56.179384053326224
S02001805,-3.1601434682927936,56.185842986581775
S02001806,-3.1478712430166413,56.19253753882825
S02001807,-3.185208173376889,56.20708597073319
S02001808,-3.1846398894303367,56.2127484481478
S02001809,-3.171053072727867,56.207560176130954
S02001810,-3.169518883795642,56.214231001433504
S02001811,-3.1283588521622336,56.22039441030125
S02001812,-3.0973186186092327,56.1924633924237
S02001813,-3.0327236539368223,56.17584557761095
S02001814,-3.035064175270621,56.18774630400416
S02001815,-3.019885427981842,56.18354156089674
S02001816,-3.0112916685677957,56.18957998412534
S02001817,-2.9983498301499454,56.19687497804821
S02001818,-3.026717026692955,56.197558776840935
S02001819,-3.0042326343649224,56.2047986676522
S02001820,-2.93191125290445,56.230925251441505
S02001821,-3.0199585553344104,56.238881100153
S02001822,-3.116071900359271,56.282089451605174
S02001823,-3.215386999282015,56.2436306461178
S02001824,-3.265631808578511,56.28403508188964
S02001825,-3.161070560371307,56.351726155552754
S02001826,-3.0465812025563404,56.312005100298215
S02001827,-3.0180305031065697,56.32080581664966
S02001828,-3.0033583993576514,56.317819562843844
S02001829,-2.897384453280771,56.29651740648184
S02001830,-2.8184267885580128,56.23528820936697
S02001831,-2.7691284114006183,56.21455467489706
S02001832,-2.709835969612137,56.23868270233421
S02001833,-2.6832341707350396,56.286818176636594
S02001834,-2.7919968284905394,56.331542774435654
S02001835,-2.793700420198793,56.33808457917828
S02001836,-2.8184543512312716,56.313485360445085
S02001837,-2.8719968711270227,56.338961851670696
S02001838,-2.86023874842158,56.38949339805193
S02001839,-2.95805937239748,56.39503044432595
S02001840,-2.8783464666040266,56.445497628625375
S02001841,-2.9564651312566905,56.43309112563508
S02001842,-4.329995593557346,55.802837395580454
S02001843,-4.352651048630134,55.80253234672528
S02001844,-4.356731867777533,55.80636872952742
S02001845,-4.34785551829083,55.816834060221545
S02001846,-4.35428707154701,55.82137752973932
S02001847,-4.343639523766954,55.8283531850031
S02001848,-4.367706113505784,55.82599575599458
S02001849,-4.3534200874499325,55.83568247891717
S02001850,-4.339120798019732,55.84247738438607
S02001851,-4.346233982692889,55.849054375580664
S02001852,-4.359060372729543,55.842936714683546
S02001853,-4.370773703331363,55.85178451335405
S02001854,-4.358079885187932,55.851431970965145
S02001855,-4.344357165033066,55.860584622138674
S02001856,-4.321664564706819,55.86075018744861
S02001857,-4.3293529471085925,55.850525749433686
S02001858,-4.3243009511819235,55.840010366969416
S02001859,-4.3072248118975285,55.85862042945116
S02001860,-4.299430640726909,55.85393087239998
S02001861,-4.283963138997161,55.85306218081582
S02001862,-4.296433994150444,55.84729465309192
S02001863,-4.287513153730216,55.84343243451281
S02001864,-4.26973037252061,55.84160686305845
S02001865,-4.261138927714046,55.83732920567884
S02001866,-4.251664076668671,55.83626323021217
S02001867,-4.262695686262534,55.829635018796786
S02001868,-4.27236454559517,55.834797297377136
S02001869,-4.301218621921046,55.83442719695681
S02001870,-4.283540965530488,55.8304108038023
S02001871,-4.2795180082459465,55.82869927811643
S02001872,-4.277110379271782,55.82537795455579
S02001873,-4.3154010995481356,55.822501099734936
S02001874,-4.319755595280164,55.81185288202194
S02001875,-4.3059490679485934,55.81356615683169
S02001876,-4.290605976598482,55.81668167995548
S02001877,-4.274200160530482,55.8193791111366
S02001878,-4.2707120001111125,55.81287640393212
S02001879,-4.252971600960442,55.81142616515907
S02001880,-4.243520527274662,55.7955221643027
S02001881,-4.2304633522896555,55.801701218032655
S02001882,-4.2222543133757044,55.808129920069405
S02001883,-4.236447379623526,55.80910154634886
S02001884,-4.239028837240484,55.815906370292026
S02001885,-4.24327102609617,55.82189736847983
S02001886,-4.258735498802698,55.81968212034648
S02001887,-4.254687446578902,55.825591165325996
S02001888,-4.238346075280122,55.833148123592366
S02001889,-4.246155265887151,55.8453895298359
S02001890,-4.262188055006081,55.84889682536558
S02001891,-4.236508106887755,55.85096220536551
S02001892,-4.2283017306799335,55.847779394740805
S02001893,-4.216705883146088,55.840639858513
S02001894,-4.210206480480804,55.84990889524315
S02001895,-4.183821774887968,55.848422785396245
S02001896,-4.185805496797646,55.841241698223406
S02001897,-4.167886828337273,55.83446960240452
S02001898,-4.153619256533227,55.83705745168141
S02001899,-4.140662189162977,55.84455310187619
S02001900,-4.122551550238814,55.84669326622751
S02001901,-4.113436450326773,55.84188668290544
S02001902,-4.128057090204655,55.85241374897123
S02001903,-4.110065850075127,55.858049332028656
S02001904,-4.091568838070936,55.870116864933486
S02001905,-4.1078456237749705,55.869003339266555
S02001906,-4.128725127207534,55.87832181125151
S02001907,-4.126691470142041,55.863816993983136
S02001908,-4.14223297660948,55.861404178360566
S02001909,-4.161363552939342,55.85581877860042
S02001910,-4.158856780837378,55.85053740340156
S02001911,-4.172932561623846,55.8498002167724
S02001912,-4.185814652740954,55.85640846554106
S02001913,-4.187707494013207,55.863928303405956
S02001914,-4.1666594585959436,55.86355769612968
S02001915,-4.155270722398747,55.87279096465912
S02001916,-4.179056467319081,55.87250227341744
S02001917,-4.1908034922008355,55.8782338271249
S02001918,-4.181259947161638,55.891040629306374
S02001919,-4.206512271100092,55.89270290801764
S02001920,-4.207299421004225,55.88532060394342
S02001921,-4.220460373483426,55.88001051188708
S02001922,-4.223116211827492,55.889169474633526
S02001923,-4.2349817027732755,55.89036310264009
S02001924,-4.244023241624751,55.877580994512236
S02001925,-4.2235346106523926,55.87452846341369
S02001926,-4.213064692240907,55.871820977551934
S02001927,-4.220839784543458,55.86380088653884
S02001928,-4.206159691313787,55.86559900599281
S02001929,-4.205691894683688,55.85826650646396
S02001930,-4.22025034813443,55.85993951439172
S02001931,-4.229245945869551,55.85740691652298
S02001932,-4.241139024642544,55.86302176984194
S02001933,-4.260234318877747,55.866859969509804
S02001934,-4.260466378257288,55.86038837723446
S02001935,-4.275396070804779,55.86109086811602
S02001936,-4.290528053005855,55.86385196778268
S02001937,-4.2759682398287095,55.87026003097037
S02001938,-4.261042726190502,55.87249457034175
S02001939,-4.271729912925005,55.876477831130906
S02001940,-4.2628910036984236,55.88154234392333
S02001941,-4.281033037844697,55.88512490147413
S02001942,-4.257907792327344,55.88913518854861
S02001943,-4.2577794236448465,55.895556510016
S02001944,-4.243182718781635,55.8987685523614
S02001945,-4.275809020720145,55.912487603550545
S02001946,-4.302361825243533,55.902635033523744
S02001947,-4.280635472204682,55.89620548473546
S02001948,-4.293058215455006,55.89365166139772
S02001949,-4.292623700072353,55.88880494729634
S02001950,-4.3039266037845465,55.88712401761627
S02001951,-4.285185502062834,55.87934375383616
S02001952,-4.291106566393488,55.8738613562576
S02001953,-4.296962703574512,55.869477830329494
S02001954,-4.320282234310672,55.87015624329789
S02001955,-4.313923510822782,55.873193637969266
S02001956,-4.309754037591946,55.876611533975726
S02001957,-4.299992621517289,55.87871741223645
S02001958,-4.32743434594378,55.88519820161186
S02001959,-4.322641964661158,55.877720285682486
S02001960,-4.333393578790024,55.878106509053595
S02001961,-4.335713096768786,55.872048310574954
S02001962,-4.347502876105608,55.88123170038248
S02001963,-4.356602574536985,55.87958330753901
S02001964,-4.376921602742626,55.88817303066127
S02001965,-4.376137603091734,55.89612403683818
S02001966,-4.369009437557156,55.8938648636556
S02001967,-4.360325655841123,55.89055719403487
S02001968,-4.355591041688681,55.89493897237465
S02001969,-4.346401373264552,55.89066977204062
S02001970,-4.3138435173180465,55.894900596653315
S02001971,-4.333169679032949,55.89511261996729
S02001972,-4.343509816368946,55.90161538582934
S02001973,-4.366666980247216,55.90276869516647
S02001974,-4.361502272001594,55.90771403212222
S02001975,-4.35703580041742,55.9138599245602
S02001976,-4.369547753139782,55.9162400991706
S02001977,-4.381937429617792,55.91132086211409
S02001978,-5.5950798450050785,56.78569306261662
S02001979,-5.105418549282982,56.84202607387307
S02001980,-5.068550363464752,56.765737061419685
S02001981,-4.932981971837927,56.86347701287015
S02001982,-4.187118213796939,57.008579835085975
S02001983,-3.7855664561260127,57.20982202569869
S02001984,-3.5795199581962343,57.312094831259
S02001985,-3.846896885859418,57.484440691447624
S02001986,-3.8615761479043904,57.58266667868322
S02001987,-3.8856804055073635,57.58261379421357
S02001988,-4.12243994337977,57.32033300343765
S02001989,-4.120575638835408,57.49029329138719
S02001990,-4.143854208286623,57.48403451028329
S02001991,-4.148252741440385,57.47588657906071
S02001992,-4.167917306296058,57.4580524391902
S02001993,-4.234726610364483,57.41361749414406
S02001994,-4.241787904265218,57.44859690013057
S02001995,-4.225640710300158,57.46060697184464
S02001996,-4.2077567432151275,57.46261029323811
S02001997,-4.200098096608011,57.46804237142287
S02001998,-4.205668311720368,57.483858165383815
S02001999,-4.218108267892796,57.471353571273255
S02002000,-4.241057958520338,57.46871778977171
S02002001,-4.239040350067629,57.4795622182749
S02002002,-4.242939988025725,57.48869911113431
S02002003,-4.257033492210814,57.48294131293342
S02002004,-4.286432758088603,57.450793019679004
S02002005,-4.808325335833768,57.37080603699212
S02002006,-4.626389925302685,57.2095860708941
S02002007,-5.3612245487936026,57.25916921534727
S02002008,-6.08853830192119,57.22617325625896
S02002009,-6.19929462934632,57.49362443644804
S02002010,-6.4570834153013275,57.47964975536483
S02002011,-5.566384302655911,57.567299529817504
S02002012,-5.230856632324693,57.882433541110245
S02002013,-4.91165120470203,57.61453106494457
S02002014,-4.404878654579862,57.740111445894506
S02002015,-4.484099140071239,57.52127484134927
S02002016,-4.437380036212643,57.56072171256991
S02002017,-4.432521492886506,57.601188422370925
S02002018,-4.229891400048103,57.566836542649746
S02002019,-4.241824149391063,57.616048266829175
S02002020,-4.268019050493469,57.69160658210675
S02002021,-4.196223900893985,57.70146988784601
S02002022,-3.9566455644832366,57.78004509617413
S02002023,-4.0993633061212575,57.79257116634712
S02002024,-4.513301272366382,57.999074169178144
S02002025,-3.901593961035009,58.13738528145239
S02002026,-3.454722987972617,58.29800707304962
S02002027,-3.089954103674942,58.43629362414858
S02002028,-3.0708594299786878,58.44873869600817
S02002029,-3.2307986667362223,58.53843911234583
S02002030,-3.607828879156024,58.458090204483966
S02002031,-3.5186959869002905,58.591291199772506
S02002032,-3.53913983854325,58.59741276309621
S02002033,-4.560781265716145,58.370376197059024
S02002034,-4.627749116503754,55.89237963401074
S02002035,-4.715374537851962,55.89160863418681
S02002036,-4.860093057306744,55.89450680989594
S02002037,-4.852638203594574,55.93250377711481
S02002038,-4.825910060508753,55.95455482968586
S02002039,-4.809928186054558,55.951879394964074
S02002040,-4.818814669467711,55.94088845662046
S02002041,-4.796023215859694,55.945574494484156
S02002042,-4.7876889022536915,55.95631256017361
S02002043,-4.7719262826152065,55.95093272374424
S02002044,-4.780253819465393,55.94089376650519
S02002045,-4.76242164673967,55.94332022823502
S02002046,-4.7488205411264905,55.94411719698447
S02002047,-4.725390301061618,55.93827184388695
S02002048,-4.6910506840897375,55.93258678257736
S02002049,-4.662981442970192,55.928765933647966
S02002050,-4.656640284033188,55.921435166447566
S02002051,-3.170311985130506,55.801346164394644
S02002052,-3.22029961511568,55.82792961575327
S02002053,-3.2344365033868305,55.83195394275499
S02002054,-3.2129416750210615,55.83510769304999
S02002055,-3.221643369747114,55.83902508278385
S02002056,-3.2338519465071283,55.85799860415718
S02002057,-3.153591867949311,55.863571473796185
S02002058,-3.1801897958398175,55.88362816421642
S02002059,-3.1506980867160124,55.87951363930304
S02002060,-3.120481996925266,55.87056195607868
S02002061,-3.110687107532443,55.87842971539834
S02002062,-3.093871196372816,55.86157838465765
S02002063,-3.070308780621381,55.88270973370778
S02002064,-3.1043424112896654,55.90181611153489
S02002065,-3.0461587326935393,55.90057333696089
S02002066,-3.062290829334267,55.892748029219334
S02002067,-2.9726605118027503,55.84563229848776
S02002068,-3.046734762011152,55.87786947128556
S02002069,-3.038597257670376,55.86963853228755
S02002070,-3.0590546492833863,55.86731696489678
S02002071,-3.0576623247551393,55.85298658448062
S02002072,-3.046438315885116,55.84272316821136
S02002073,-3.2827578529457964,57.29618306718795
S02002074,-3.296530719234767,57.50202244871343
S02002075,-2.95526073517402,57.52414285959407
S02002076,-2.9543784248839,57.54234937539121
S02002077,-2.873619111145257,57.65052312870069
S02002078,-2.929905506507048,57.68127147847192
S02002079,-2.9703144358187763,57.67067545110085
S02002080,-3.097036150698534,57.649606780622655
S02002081,-3.0294769841107345,57.598757528858556
S02002082,-3.305066971230503,57.616086893079384
S02002083,-3.2264233711122583,57.66218871388652
S02002084,-3.298325623703181,57.64848999359337
S02002085,-3.29634458783361,57.639623000738986
S02002086,-3.3137256387466834,57.63688631670056
S02002087,-3.330654088886484,57.64810826177237
S02002088,-3.313778950591865,57.65476561469679
S02002089,-3.3198289034700514,57.660091709278944
S02002090,-3.286488236660351,57.71925367011104
S02002091,-3.3001035173806965,57.71562532235587
S02002092,-3.378076926894406,57.695882900127394
S02002093,-3.4619409877556278,57.61376894629104
S02002094,-3.5998110917419366,57.624479566030566
S02002095,-3.62459008433833,57.60355455178661
S02002096,-3.5798957588417735,57.54156424854829
S02002097,-5.237536505664853,55.571627770761516
S02002098,-4.614379779758045,55.630630981765044
S02002099,-4.648282324162556,55.603252895924264
S02002100,-4.622412368880168,55.60808465985803
S02002101,-4.625570600993319,55.61324826218973
S02002102,-4.627781645011789,55.61710059440855
S02002103,-4.641210071480834,55.62342973556022
S02002104,-4.631763246223689,55.632360224950624
S02002105,-4.670248831461858,55.6340290675387
S02002106,-4.665196520576751,55.62617147635215
S02002107,-4.654482285239473,55.621615212157785
S02002108,-4.667290010719766,55.61881548920201
S02002109,-4.677684133561946,55.6092632122243
S02002110,-4.727813278338326,55.63067361795932
S02002111,-4.78332491574674,55.63659838444431
S02002112,-4.808107191528234,55.64321439313555
S02002113,-4.8153187999745235,55.65142371820778
S02002114,-4.803441792209829,55.65356236126131
S02002115,-4.791448598246755,55.64319889859995
S02002116,-4.782705257653916,55.646917510611416
S02002117,-4.7602246365128735,55.63979585405852
S02002118,-4.7451542622731155,55.646097784836066
S02002119,-4.716768045609843,55.656836730805466
S02002120,-4.717273217742056,55.648800275600394
S02002121,-4.693184927128616,55.64853417952895
S02002122,-4.701668909250381,55.657373596920685
S02002123,-4.664206718401907,55.69670286481148
S02002124,-4.726038051975621,55.709281486108885
S02002125,-4.810311321341686,55.69894034049325
S02002126,-4.857544028726694,55.69103584317387
S02002127,-4.859803191614227,55.78807079723961
S02002128,-4.919987029590947,55.76746593499444
S02002129,-4.867759619524215,55.8049329631335
S02002130,-4.7800924035516195,55.789910900683786
S02002131,-4.685296562148813,55.757438912910374
S02002132,-4.682380176856266,55.744897651024154
S02002133,-4.648032781626002,55.74803891321372
S02002134,-4.59653111282493,55.74062498623694
S02002135,-3.937896438008717,55.75897950400067
S02002136,-3.947094873887523,55.76824571821822
S02002137,-3.960723051804816,55.773152200621205
S02002138,-3.979748799844439,55.779189488579476
S02002139,-3.9486052524643296,55.77780970581895
S02002140,-3.9276462616954713,55.76972641759481
S02002141,-3.9125812867657364,55.769992379739186
S02002142,-3.91630830034036,55.77924671762132
S02002143,-3.9106247638876854,55.789386987208964
S02002144,-3.8970037809787046,55.7808592443535
S02002145,-3.8753396677151115,55.78550689533783
S02002146,-3.850627111464136,55.797876078963164
S02002147,-3.8056844285902276,55.82205117447107
S02002148,-3.7832145061318467,55.815974021703255
S02002149,-3.8325928038386845,55.83300687096085
S02002150,-3.9398197204156427,55.795157793093146
S02002151,-3.936814788084319,55.82040332041382
S02002152,-3.956773178256284,55.810802416470395
S02002153,-3.9823452924958938,55.81113321638932
S02002154,-3.968965716214814,55.80538593081724
S02002155,-3.9849307139151415,55.792586827585765
S02002156,-4.003463443902741,55.78536418493262
S02002157,-4.009339986460214,55.79245248587903
S02002158,-4.010061260666075,55.79796299842855
S02002159,-4.018652182512943,55.80012378111677
S02002160,-3.980004435798611,55.82744746290586
S02002161,-4.006174077814461,55.814781481327515
S02002162,-4.027009544508734,55.80992572991377
S02002163,-4.025104621918296,55.81697275110331
S02002164,-4.009785419070805,55.828952751877246
S02002165,-4.027210103428324,55.82446818555122
S02002166,-4.051111693227057,55.82393338038096
S02002167,-4.043734827117296,55.83645991346204
S02002168,-4.080299564737004,55.83927253539062
S02002169,-4.06860451267617,55.853419085545745
S02002170,-4.036398335833962,55.84665521200496
S02002171,-4.032103297541522,55.85226229074666
S02002172,-4.044715476266078,55.85853600171748
S02002173,-4.034442947710668,55.860744902749346
S02002174,-4.049552964640647,55.872772214831514
S02002175,-4.026304717997924,55.86820363722492
S02002176,-4.013642073095795,55.859275313516726
S02002177,-4.014138996013065,55.84697103552586
S02002178,-4.0017750178734515,55.84813291859332
S02002179,-3.9750042185298753,55.84788574306574
S02002180,-3.953567407059157,55.84069012557388
S02002181,-3.947380726567564,55.843809989852915
S02002182,-3.943972011745406,55.864205332684854
S02002183,-3.95766987315948,55.85882761501506
S02002184,-3.9706147739784674,55.861439627094995
S02002185,-3.980751549111618,55.85712537803374
S02002186,-3.995003852864808,55.86345122326121
S02002187,-3.9863580650807156,55.874785968804524
S02002188,-3.97313162361214,55.873535843669615
S02002189,-3.953798057155098,55.87018670973975
S02002190,-3.8488966293531774,55.884913724999485
S02002191,-3.9617136192982625,55.903252558508825
S02002192,-4.052096180250207,55.89718936283512
S02002193,-4.143585312867844,55.88696537566726
S02002194,-4.141103452239266,55.90572095057521
S02002195,-4.106382171373421,55.900494078560314
S02002196,-4.092082741955104,55.91236624242915
S02002197,-4.06745173443362,55.9190471319811
S02002198,-4.036192439499942,55.93788361884535
S02002199,-4.020542137733337,55.934583081743064
S02002200,-3.9336536829604056,55.94561838239087
S02002201,-3.994208329688298,55.942232995607476
S02002202,-3.9894546494050727,55.94820941762456
S02002203,-3.972588888390002,55.953452197325134
S02002204,-3.9557375194346047,55.95565253026684
S02002205,-3.9487557897486516,55.96338333174196
S02002206,-3.9665489364590583,55.96641193239695
S02002207,-4.0000195584220215,55.96002841463757
S02002208,-4.015217289581234,55.953987155281496
S02002209,-4.021173201378309,55.947466452019576
S02002210,-4.0316960559909045,55.98900410045745
S02002211,-4.062128329786794,55.97471539377167
S02002212,-4.101953604754441,55.98767543603662
S02002213,-3.2676984171310703,58.997621724698405
S02002214,-3.1643963649463225,59.038039751848075
S02002215,-2.889597753104926,58.94746899424375
S02002216,-2.962030605853677,58.97778585854597
S02002217,-2.9500449661066495,58.981346077683476
S02002218,-3.29484775363737,58.85185805809304
S02002219,-3.433229389479559,56.18213639123354
S02002220,-3.4283566458251764,56.20726227402704
S02002221,-3.5563711071398747,56.2222301039124
S02002222,-3.824729156819358,56.2763926161902
S02002223,-3.7093518297081935,56.295120209901846
S02002224,-4.001572992056361,56.37867972946844
S02002225,-3.8415166820921773,56.37678780395887
S02002226,-3.8412503995406935,56.36955254082304
S02002227,-3.6361363098470982,56.37237150378046
S02002228,-3.5036477902886514,56.312236027704685
S02002229,-3.3729473160653667,56.32285034799815
S02002230,-3.435606177699778,56.38361868829631
S02002231,-3.4504705920073917,56.394592631544214
S02002232,-3.471274497184046,56.39188932420909
S02002233,-3.48124216287941,56.40392206301456
S02002234,-3.470926574131004,56.402578128827464
S02002235,-3.4646644449932906,56.4136383858279
S02002236,-3.4396988821523093,56.429818062056206
S02002237,-3.4428975443732868,56.40774620968135
S02002238,-3.4358590029965224,56.40178309839485
S02002239,-3.4333249910261134,56.39327631474761
S02002240,-3.4016858401827923,56.3920056737479
S02002241,-3.3876681741351087,56.40794295610023
S02002242,-3.3372196435203976,56.43445373737872
S02002243,-3.204752430787702,56.41887932075354
S02002244,-3.178939460748831,56.46562850809941
S02002245,-3.2596589412063097,56.536589082096214
S02002246,-3.256922365152486,56.63905741267662
S02002247,-3.608693598282332,56.76354280751306
S02002248,-3.33229222857084,56.5972750843688
S02002249,-3.3354924219591826,56.58298435243765
S02002250,-3.467315038506497,56.52184744087434
S02002251,-3.6413715806369837,56.51285515784818
S02002252,-3.6665155724808813,56.6591851977489
S02002253,-4.16838790996044,56.65998049993532
S02002254,-4.627565862354158,55.79647611799411
S02002255,-4.599793091844969,55.8080749133635
S02002256,-4.5459284889550435,55.87537046848877
S02002257,-4.5476578021689225,55.83437669821672
S02002258,-4.529613517426634,55.8219691494768
S02002259,-4.52513198414552,55.83138895490021
S02002260,-4.496707632355398,55.83906904170905
S02002261,-4.505194467780062,55.828947784663114
S02002262,-4.478789283430782,55.84037082903119
S02002263,-4.451672647658119,55.84828786515519
S02002264,-4.4467085459268905,55.8423633381091
S02002265,-4.457186781556602,55.83477797401401
S02002266,-4.468276455241753,55.822543802483985
S02002267,-4.4496360727504385,55.82793088817042
S02002268,-4.439518226799605,55.82082916626133
S02002269,-4.427644095463777,55.82309304542298
S02002270,-4.433786947547459,55.832789714002764
S02002271,-4.417038302346743,55.829451224997705
S02002272,-4.3950874160438484,55.83015044340821
S02002273,-4.403977226809474,55.837367603530616
S02002274,-4.424173158069119,55.84253203113273
S02002275,-4.397967721302323,55.849841734253545
S02002276,-4.382453229958931,55.84573382506804
S02002277,-4.410087479563077,55.85685016247469
S02002278,-4.42924361661387,55.86381261400287
S02002279,-4.406639899819961,55.87084779044147
S02002280,-4.396166377062299,55.866256469052814
S02002281,-4.382087818693567,55.87125842729709
S02002282,-4.37973060574025,55.87132197680825
S02002283,-4.426051774767904,55.89157258569566
S02002284,-4.450121709690684,55.898339454157885
S02002285,-4.467764409445325,55.90447632385806
S02002286,-4.50191240090279,55.90769733315306
S02002287,-4.4946390689918445,55.84798658504751
S02002288,-4.508174046114011,55.85116892200722
S02002289,-4.529461684467606,55.860316008853005
S02002290,-4.544615967456707,55.865110586999464
S02002291,-4.595488568330845,55.85238034390727
S02002292,-3.345910332534928,55.62332321235108
S02002293,-3.1877339513922065,55.65376702784614
S02002294,-3.1872480953562294,55.64520995323094
S02002295,-3.0528589620769733,55.62565917390009
S02002296,-2.8597130209246897,55.68987742706925
S02002297,-2.8189800129177627,55.62182774455561
S02002298,-2.816389709136119,55.61455896685383
S02002299,-2.8128168763221213,55.60245255833455
S02002300,-2.7752063831484515,55.611578529185785
S02002301,-2.735394131688558,55.60254387795528
S02002302,-2.743096105392187,55.74949954791625
S02002303,-2.478479064505401,55.76539888210316
S02002304,-2.341081371725938,55.772144613778444
S02002305,-2.252528208625187,55.87934589158666
S02002306,-2.096167708252113,55.87028004701234
S02002307,-2.2201686064683286,55.78573173894494
S02002308,-2.259890438280106,55.684109771540776
S02002309,-2.3640145587592447,55.541617345449126
S02002310,-2.434023508171096,55.606521354842634
S02002311,-2.4273577606226504,55.60237720738681
S02002312,-2.502845860501201,55.46077413859944
S02002313,-2.622135090950852,55.573894384604344
S02002314,-2.5497857828887334,55.47822700019722
S02002315,-2.798164416193886,55.32862304067511
S02002316,-2.7692545884568704,55.43491423243304
S02002317,-2.7779952665687433,55.42525634415571
S02002318,-2.8001127122721865,55.417876486188426
S02002319,-2.7870973161950894,55.43079224793628
S02002320,-2.9860879100757947,55.49983626740103
S02002321,-2.8431412789140444,55.55078623644333
S02002322,-1.2849694292666956,59.99034188245411
S02002323,-1.2203804971324923,60.12477073856648
S02002324,-1.0943767346064885,60.148037550703336
S02002325,-1.2387396464210618,60.19487938862847
S02002326,-1.3822648153429753,60.277097369690324
S02002327,-1.3643878426002938,60.468273985499586
S02002328,-1.0935689845903946,60.60616258726766
S02002329,-4.763400396427682,55.176461880248006
S02002330,-4.851443044790095,55.23409523504508
S02002331,-4.853290708699358,55.240792218533414
S02002332,-4.695153248079819,55.3578374131214
S02002333,-4.582508279825337,55.33163047873997
S02002334,-4.5252816935451285,55.441986197281
S02002335,-4.637848331532301,55.431804842846574
S02002336,-4.607942085467761,55.44335808016922
S02002337,-4.623778234387086,55.44573222057322
S02002338,-4.606846782937588,55.45471069297767
S02002339,-4.6346320060594435,55.45780113242506
S02002340,-4.627703925036156,55.469763504745416
S02002341,-4.6081013539517395,55.46095787634618
S02002342,-4.593657185653031,55.47068593771675
S02002343,-4.607359606502352,55.47148728790811
S02002344,-4.618725052376325,55.47953687802812
S02002345,-4.603764859181611,55.48139273180105
S02002346,-4.616597403725997,55.494374447738636
S02002347,-4.602788413154452,55.49592073824744
S02002348,-4.578459117135383,55.5095559803168
S02002349,-4.478726508382718,55.519009952496624
S02002350,-4.57418946822227,55.56140268649848
S02002351,-4.642444890083723,55.555423277344474
S02002352,-4.655037056601684,55.55572632686201
S02002353,-4.641187571031494,55.53105297706895
S02002354,-3.718048635106299,55.48208825623213
S02002355,-3.5349102444351486,55.65654871742168
S02002356,-3.6478042827426664,55.69516628164712
S02002357,-3.6578308676830713,55.75755178167301
S02002358,-3.850314397035644,55.750230675682246
S02002359,-3.847181765705367,55.735237161608865
S02002360,-3.836825219875431,55.73994347794052
S02002361,-3.8239057929687905,55.731300394440105
S02002362,-3.8355844483040915,55.72879778193968
S02002363,-3.79778435153523,55.725818341251255
S02002364,-3.7821878733355843,55.677278616810476
S02002365,-3.7685534741300555,55.677980560131815
S02002366,-3.7587215729022936,55.65974134803349
S02002367,-3.838840156242462,55.660788437744166
S02002368,-3.8239269205578057,55.57534333823354
S02002369,-3.8868340673297355,55.63892824339063
S02002370,-3.921133236912705,55.66989301192928
S02002371,-3.9386954557412306,55.720222384284824
S02002372,-3.9759816012514357,55.746917291599416
S02002373,-3.9832658047580245,55.73245082680365
S02002374,-3.9603627363461995,55.73221998323287
S02002375,-3.9649910958915737,55.72336028928047
S02002376,-3.9930730453545804,55.67659599829322
S02002377,-4.0644700755721646,55.67103258110855
S02002378,-4.059407825098616,55.68316977259803
S02002379,-4.067023508326819,55.63021382397113
S02002380,-4.025678708213556,55.72698245250391
S02002381,-4.0430140487809,55.75355059237753
S02002382,-4.044062503069026,55.759805345796295
S02002383,-4.036581417577288,55.76813024141042
S02002384,-4.0359248562422225,55.77556774329096
S02002385,-4.049229069694807,55.76940501573413
S02002386,-4.0543803668185365,55.7624041972443
S02002387,-4.059468067862812,55.758834826769544
S02002388,-4.085411841564621,55.75088496063114
S02002389,-4.083030304780774,55.76703602926288
S02002390,-4.084776062146156,55.77361157706678
S02002391,-4.099333136830575,55.78261538068736
S02002392,-4.099380053199198,55.79315653511071
S02002393,-4.104614301620186,55.80392950170593
S02002394,-4.0905026447817185,55.797888793911284
S02002395,-4.079207260293728,55.78762821777086
S02002396,-4.071840123318649,55.77764900394028
S02002397,-4.0620770329253135,55.77372061701629
S02002398,-4.058969692201788,55.788014121468585
S02002399,-4.067091061317722,55.80560766984042
S02002400,-4.067356041651453,55.809733797956916
S02002401,-4.082263014247546,55.8184505550126
S02002402,-4.117902496802484,55.81937105194053
S02002403,-4.147674082592201,55.820908766007655
S02002404,-4.152543099489157,55.812392934322446
S02002405,-4.171421930980608,55.809179888211936
S02002406,-4.1723345217495655,55.81697829822652
S02002407,-4.192990816902018,55.822238521267536
S02002408,-4.1942011974738005,55.83091167446396
S02002409,-4.2192828744880995,55.82936202332582
S02002410,-4.224940234149504,55.82599349193415
S02002411,-4.2254545258504015,55.82025411130881
S02002412,-4.216848172830263,55.81469730348834
S02002413,-4.196994534012582,55.81709358542997
S02002414,-4.1957222053029435,55.8112979754764
S02002415,-4.198412452728806,55.80600969872212
S02002416,-4.172289532533784,55.75029486245632
S02002417,-4.140668973178157,55.777062412060566
S02002418,-4.150183466773267,55.77404405259103
S02002419,-4.1662633660351425,55.771462299057916
S02002420,-4.14823763256967,55.765389150756015
S02002421,-4.161391604479322,55.75966319190373
S02002422,-4.175015605971791,55.76787967374838
S02002423,-4.185719428143154,55.76390613173916
S02002424,-4.188575609803337,55.77290299764721
S02002425,-4.213822622140815,55.7707051355713
S02002426,-4.252313650502256,55.76231723848793
S02002427,-4.216466493993327,55.75778491387158
S02002428,-4.2205710990426635,55.74865748517176
S02002429,-4.206643009805031,55.74093320205766
S02002430,-4.188514360350211,55.74579080276898
S02002431,-4.203324014623124,55.747456495491264
S02002432,-4.200931717660637,55.75303467456143
S02002433,-4.19908526798473,55.76018544271401
S02002434,-4.182465727155001,55.756236514720996
S02002435,-4.168824597661855,55.748869822755594
S02002436,-4.402408668332101,56.031896873504685
S02002437,-4.367757345109497,56.09798416255626
S02002438,-4.189293572022643,56.08208598191805
S02002439,-4.044168403959931,56.08225252662507
S02002440,-3.92363905835921,56.070657295961325
S02002441,-3.867513743642883,56.08002123507373
S02002442,-3.8728446059537647,56.10467901239492
S02002443,-3.9095210384913095,56.0898337949927
S02002444,-3.9244371838446073,56.09154650805836
S02002445,-3.924307413431845,56.09924917133015
S02002446,-3.943303736500611,56.0937551853333
S02002447,-3.9425981282101836,56.1099083823193
S02002448,-3.9178331247625997,56.1136957670798
S02002449,-3.940934730055329,56.12172749484788
S02002450,-3.9535419709375286,56.13069737047977
S02002451,-3.9427328847039047,56.134414001161126
S02002452,-3.9289840764285735,56.1373017545566
S02002453,-3.96211987420669,56.15249646121892
S02002454,-3.901976010863499,56.150179284614865
S02002455,-3.9303058673488995,56.20552862309245
S02002456,-3.9735189746314874,56.1865965305837
S02002457,-4.1665548688613825,56.187232231439985
S02002458,-4.323985706545116,56.254030162521
S02002459,-4.512374362836919,56.349825994355605
S02002460,-4.390204396116533,55.8961845063153
S02002461,-4.416127963085129,55.904965198062264
S02002462,-4.391595044844857,55.906839957111885
S02002463,-4.411640965823254,55.913867863066955
S02002464,-4.406514077227676,55.91945015329708
S02002465,-4.393044413580933,55.92420294826276
S02002466,-4.427864157289725,55.94820163178553
S02002467,-4.429456066509238,55.91628858241868
S02002468,-4.452814709341263,55.922144083096995
S02002469,-4.4961093212847345,55.96687170767389
S02002470,-4.55143295422964,55.95355211735388
S02002471,-4.5552458383584735,55.94348902118439
S02002472,-4.58822224848689,55.945609704232496
S02002473,-4.605296512595376,55.98343759563303
S02002474,-4.53014409933599,55.99568320449489
S02002475,-4.574214519598533,55.989858566214856
S02002476,-4.585758541428229,55.99905855211795
S02002477,-4.538829722188491,56.03300229944782
S02002478,-3.7034287139465447,55.82747060709757
S02002479,-3.6045889922611587,55.82409027269955
S02002480,-3.5634297028809385,55.854585251754536
S02002481,-3.5495373543099653,55.87169565434633
S02002482,-3.5037476400013645,55.86982337086697
S02002483,-3.50695247701945,55.882027052220884
S02002484,-3.462379775570647,55.83408339861571
S02002485,-3.4333483116771952,55.89756041779196
S02002486,-3.4814854406256823,55.9140772027112
S02002487,-3.495781564561894,55.89733447872552
S02002488,-3.5150717972811267,55.891475728975486
S02002489,-3.5427556173373973,55.8896794618298
S02002490,-3.5213520296798833,55.89913508205834
S02002491,-3.527979427491423,55.90643848296736
S02002492,-3.566430448854769,55.90369483919026
S02002493,-3.56162098119401,55.900609958274444
S02002494,-3.5867126127779945,55.89629892271911
S02002495,-3.6010777832660157,55.876716159738116
S02002496,-3.6249905782124805,55.86936768970238
S02002497,-3.6596989160738183,55.85027427201233
S02002498,-3.6916956200612874,55.8649988754987
S02002499,-3.7146231854162868,55.8590866361048
S02002500,-3.6937882068921466,55.90782218330127
S02002501,-3.693009678282114,55.8932851043958
S02002502,-3.6508558682210577,55.88518259837922
S02002503,-3.6106477693823855,55.89905033900941
S02002504,-3.6372783900669785,55.90175378120068
S02002505,-3.6624124329995804,55.91048567784461
S02002506,-3.7389271888872697,55.90867674336625
S02002507,-3.606220227417931,55.9457637587304
S02002508,-3.6174323203022514,55.97780105848646
S02002509,-3.5942130360673548,55.98581503469669
S02002510,-3.491664003219075,55.97500773279254
S02002511,-3.4740457166010894,55.94309375272257
S02002512,-3.532910250611804,55.93417752748061
S02002513,-3.479453578623995,55.930954290731776
S02002514,-3.4526405734736887,55.93148964740531