code,areaName,easting,northing,n/a,none,level1,level2,apprentice,level4,level5,other,total,percDegree,diffFromAv
E06000001,Hartlepool,448118,530661,17652,17286,7076,10963,5205,13776,18526,1854,74686,24.8,-8.99
E06000002,Middlesbrough,450380,516653,29986,27282,11221,15270,7040,19976,30127,3023,113939,26.4,-7.35
E06000003,Redcar and Cleveland,463383,518023,24189,24732,10983,15663,8692,21300,28003,2969,112342,24.9,-8.87
E06000004,Stockton-on-Tees,443484,518785,38585,29441,15324,23005,10565,29004,46648,4023,158010,29.5,-4.27
E06000005,Darlington,429038,517147,19693,16972,8276,12733,6215,16141,25517,2253,88107,29.0,-4.83
E06000006,Halton,352162,383230,24530,21865,12338,17403,5718,19057,24876,2691,103948,23.9,-9.86
E06000007,Warrington,362665,389223,38256,28453,17238,25489,10298,29830,56955,4454,172717,33.0,-0.82
E06000008,Blackburn with Darwen,369254,421850,35230,28923,12968,16574,6550,18823,32054,3616,119508,26.8,-6.97
E06000009,Blackpool,331921,436188,24697,28575,13677,17470,7889,19382,26177,3170,116340,22.5,-11.30
E06000010,Kingston upon Hull,509765,430588,53137,54010,24163,30143,14691,37418,46511,6944,213880,21.7,-12.05
E06000011,East Riding of Yorkshire,499908,442365,54075,52477,28930,40565,20621,49602,87851,8094,288140,30.5,-3.31
E06000012,North East Lincolnshire,523749,406881,29444,30907,15531,20513,8313,20885,27537,3837,127523,21.6,-12.20
E06000013,North Lincolnshire,493268,411782,30213,30466,16292,21104,9922,23954,33361,4368,139467,23.9,-9.88
E06000014,York,461737,451799,30738,22953,12802,19552,9032,37410,66749,3585,172083,38.8,4.99
E06000015,Derby,435851,335169,52174,42141,21586,27706,13064,36230,62097,6365,209189,29.7,-4.11
E06000016,Leicester,459135,304861,77557,77692,31152,33954,11024,46860,77900,12431,291013,26.8,-7.03
E06000017,Rutland,491121,307844,6751,4491,2953,5278,1936,5835,13012,795,34300,37.9,4.14
E06000018,Nottingham,455451,340739,59310,51554,23096,29844,10835,66236,75673,7084,264322,28.6,-5.17
E06000019,Herefordshire,349035,245285,29901,28315,14982,22184,9258,26573,51420,4401,157133,32.7,-1.07
E06000020,Telford and Wrekin,367109,314837,36867,29666,16732,23218,8212,27765,38803,4277,148673,26.1,-7.70
E06000021,Stoke-on-Trent,389018,346716,52469,53354,22574,30443,14144,34678,44948,5757,205898,21.8,-11.97
E06000022,Bath and North East Somerset,367057,162001,31791,19805,11972,19147,7608,35318,64251,3517,161618,39.8,5.96
E06000023,Bristol,346546,172919,82757,56657,29350,41789,15282,73981,164106,8543,389708,42.1,8.31
E06000024,North Somerset,344429,165882,38161,26615,17219,26482,10668,32377,60489,4717,178567,33.9,0.08
E06000025,South Gloucestershire,367431,183263,53058,33792,23996,33959,15142,46440,78233,5802,237364,33.0,-0.84
E06000026,Plymouth,249389,56735,46071,37894,21388,30727,15836,47362,60155,5262,218624,27.5,-6.28
E06000027,Torbay,291417,61223,22292,23137,13696,18096,8688,20227,29628,3560,117032,25.3,-8.48
E06000030,Swindon,417817,185857,46259,32430,24335,30268,10948,30591,52220,6359,187151,27.9,-5.89
E06000031,Peterborough,518343,302621,48100,37471,20666,24191,9286,25727,43956,6276,167573,26.2,-7.56
E06000032,Luton,508515,222915,52563,39478,19650,21943,8349,24832,51546,6900,172698,29.8,-3.95
E06000033,Southend-on-Sea,589363,185610,34276,28823,17593,23151,7432,25291,39832,4288,146410,27.2,-6.59
E06000034,Thurrock,564863,181237,39637,29443,16640,21251,6757,22151,35723,4398,136363,26.2,-7.60
E06000035,Medway,578769,172759,57016,43158,26898,35426,13625,40009,57001,6641,222758,25.6,-8.21
E06000036,Bracknell Forest,487739,168395,24675,13183,10581,14929,5171,17874,35578,2617,99933,35.6,1.81
E06000037,West Berkshire,448409,172535,30712,18484,12985,18954,6788,22048,48376,3101,130736,37.0,3.21
E06000038,Reading,470639,173186,32864,22361,12932,15070,5853,23734,57149,4263,141362,40.4,6.63
E06000039,Slough,498180,179746,39566,23966,12764,14336,5004,16181,41423,5260,118934,34.8,1.03
E06000040,Windsor and Maidenhead,490435,177040,29821,15552,10077,15918,5060,18341,55603,3124,123675,45.0,11.16
E06000041,Wokingham,477672,170613,36681,14671,11396,17773,5746,22992,65047,3196,140821,46.2,12.40
E06000042,Milton Keynes,486881,243629,62229,35577,24422,32011,10477,35371,80545,6428,224831,35.8,2.03
E06000043,Brighton and Hove,531606,106526,41736,29215,16545,25067,8052,46359,104790,5339,235367,44.5,10.73
E06000044,Portsmouth,465010,102752,37183,29766,16434,22404,9093,37296,51190,4638,170821,30.0,-3.83
E06000045,Southampton,442376,113232,44554,35381,19470,25671,11096,41992,64663,6095,204368,31.6,-2.16
E06000046,Isle of Wight,449779,86461,20873,22064,13355,17501,8926,21444,32783,3513,119586,27.4,-6.38
E06000047,County Durham,410446,533389,88110,90804,41359,61724,27061,86414,116019,10577,433958,26.7,-7.06
E06000049,Cheshire East,376729,364874,69298,49524,28571,45115,19394,55373,123785,7711,329473,37.6,3.78
E06000050,Cheshire West and Chester,350919,367257,61792,46771,27467,40467,15914,52461,105387,6891,295358,35.7,1.89
E06000051,Shropshire,350424,304422,51360,45573,26154,40900,16564,47417,88502,7136,272246,32.5,-1.29
E06000052,Cornwall,199168,59975,92880,77919,47676,72367,31455,89955,145890,12163,477425,30.6,-3.24
E06000053,Isles of Scilly,91546,11139,324,213,119,272,88,341,655,42,1730,37.9,4.07
E06000054,Wiltshire,403934,155301,91219,60409,42756,62668,23327,76544,143201,10209,419114,34.2,0.37
E06000055,Bedford,504237,255656,37107,24813,15366,19977,8263,23976,51411,4312,148118,34.7,0.91
E06000056,Central Bedfordshire,507413,235392,57492,35598,24650,34892,14069,43107,78654,5789,236759,33.2,-0.57
E06000057,Northumberland,395886,594161,51721,48173,26051,38873,18624,47690,82653,6782,268846,30.7,-3.05
E06000058,Bournemouth Christchurch and Poole,408362,94131,65287,53317,33102,47335,20187,63771,107437,9759,334908,32.1,-1.72
E06000059,Dorset,376581,100771,57677,50834,33549,48267,21943,56884,101298,9127,321902,31.5,-2.33
E06000060,Buckinghamshire,482081,210241,109683,60981,39427,59473,21261,69811,181721,10721,443395,41.0,7.19
E06000061,North Northamptonshire,493494,281667,70339,57682,34404,44428,18199,48272,77281,8920,289186,26.7,-7.07
E06000062,West Northamptonshire,465908,258722,82223,59804,37390,49213,19758,58081,109086,10168,343500,31.8,-2.04
E07000008,Cambridge,545770,257755,20909,11957,5989,8592,3236,22686,69666,2639,124765,55.8,22.04
E07000009,East Cambridgeshire,556466,274112,16333,11824,6993,9636,4385,11736,25007,1848,71429,35.0,1.21
E07000010,Fenland,539807,298084,17630,21889,10947,13346,5732,13842,16152,2924,84832,19.0,-14.76
E07000011,Huntingdonshire,521228,276573,32571,23194,15790,21608,8222,26020,49593,3834,148261,33.4,-0.35
E07000012,South Cambridgeshire,542444,254795,31758,15409,10095,15214,6049,18451,62375,2769,130362,47.8,14.05
E07000026,Allerdale,319765,535836,15641,16609,7969,11162,6020,13887,22855,2011,80513,28.4,-5.41
E07000027,Barrow-in-Furness,320831,470657,11573,10307,5527,7380,6075,11450,13821,1274,55834,24.8,-9.04
E07000028,Carlisle,348339,564335,18681,18141,9640,13322,6464,16000,25472,2304,91343,27.9,-5.91
E07000029,Copeland,310947,502927,11068,11895,5629,7780,4514,10272,14543,1375,56008,26.0,-7.83
E07000030,Eden,359952,524354,8099,8086,4645,6651,3132,7854,15183,1084,46635,32.6,-1.24
E07000031,South Lakeland,344716,488871,14747,12393,7393,11563,6323,15341,34591,2099,89703,38.6,4.77
E07000032,Amber Valley,435845,348157,21143,20668,10975,15009,7032,18723,30265,2388,105060,28.8,-4.99
E07000033,Bolsover,448358,368917,13995,16018,7697,10066,4516,11771,14406,1804,66278,21.7,-12.06
E07000034,Chesterfield,440052,373318,17565,17380,9384,13050,5515,15449,23053,2170,86001,26.8,-6.99
E07000035,Derbyshire Dales,420549,359062,10480,9583,5301,8121,3173,9588,23939,1353,61058,39.2,5.41
E07000036,Erewash,443979,337734,19379,18530,10440,14022,6983,17036,24203,2316,93530,25.9,-7.92
E07000037,High Peak,408491,386271,15273,11307,7063,10412,4578,13751,26922,1627,75660,35.6,1.79
E07000038,North East Derbyshire,436969,370027,16727,17066,9101,12364,5825,15328,23507,2082,85273,27.6,-6.23
E07000039,South Derbyshire,429750,326002,20254,13922,8596,12843,5439,16365,27668,2121,86954,31.8,-1.98
E07000040,East Devon,313793,96775,23439,19207,12653,19009,8200,21722,43114,3484,127389,33.8,0.05
E07000041,Exeter,293498,92447,19378,15078,9098,12730,5316,27915,38612,2582,111331,34.7,0.89
E07000042,Mid Devon,290588,109637,14647,11614,6968,10548,4122,12262,20928,1762,68204,30.7,-3.11
E07000043,North Devon,265967,131782,16418,14596,9099,12743,5557,14604,23458,2137,82194,28.5,-5.26
E07000044,South Hams,270440,54205,13659,9725,6329,10121,4397,12682,29878,1838,74970,39.9,6.06
E07000045,Teignbridge,282849,79821,21342,17758,11479,16817,7420,19731,37172,3084,113461,32.8,-1.03
E07000046,Torridge,241935,112003,10555,10824,6635,9073,4208,10137,15059,1624,57560,26.2,-7.63
E07000047,West Devon,255465,86000,8733,7530,4858,7079,3049,8119,16468,1258,48361,34.1,0.26
E07000061,Eastbourne,559822,99749,17110,15567,9379,12393,4808,14436,25210,2781,84574,29.8,-3.99
E07000062,Hastings,580952,110924,16291,15039,8387,11256,3815,12768,21357,2082,74704,28.6,-5.21
E07000063,Lewes,541167,111026,16683,13372,8498,11840,4497,13794,28978,2243,83222,34.8,1.02
E07000064,Rother,578409,119997,13621,15007,8802,11688,4728,13035,23746,2483,79489,29.9,-3.92
E07000065,Wealden,554434,120966,26503,19965,13935,20838,7742,24057,43548,3563,133648,32.6,-1.21
E07000066,Basildon,570901,190821,38908,30827,19440,24489,7966,25316,36541,4084,148663,24.6,-9.22
E07000067,Braintree,578133,230213,28699,23238,15569,21107,7466,23081,32674,3431,126566,25.8,-7.98
E07000068,Brentwood,559999,195829,14180,9482,6071,9668,2966,10790,22248,1643,62868,35.4,1.59
E07000069,Castle Point,579982,185122,15175,17753,10153,12632,5036,12659,13747,2432,74412,18.5,-15.32
E07000070,Chelmsford,571456,205876,33785,22401,15318,22513,7621,25917,50086,3882,147738,33.9,0.11
E07000071,Colchester,597077,223202,36373,24043,16123,23196,8139,30420,50401,4020,156342,32.2,-1.56
E07000072,Epping Forest,548522,203300,25048,20734,11388,16115,5490,17575,35632,2995,109929,32.4,-1.38
E07000073,Harlow,545614,209915,20226,15364,9802,11618,4120,12132,17864,2202,73102,24.4,-9.36
E07000074,Maldon,592438,204831,10780,10674,6744,8920,3600,9798,14080,1612,55428,25.4,-8.39
E07000075,Rochford,594750,191782,14951,13556,9084,12358,4440,13097,16095,2080,70710,22.8,-11.03
E07000076,Tendring,614571,223776,23401,32782,16158,19076,8535,19444,24811,4084,124890,19.9,-13.93
E07000077,Uttlesford,556816,228707,17820,10117,6980,11425,3739,12688,26926,1646,73521,36.6,2.83
E07000078,Cheltenham,395079,221973,20400,13181,7848,12338,4337,15886,42441,2405,98436,43.1,9.32
E07000079,Cotswold,407474,213072,14517,10439,6768,10640,3669,12575,30370,1854,76315,39.8,6.00
E07000080,Forest of Dean,366318,214546,13957,13427,7648,11425,4722,12861,21023,1941,73047,28.8,-5.02
E07000081,Gloucester,383531,216834,25477,19473,12336,16332,6536,19965,29295,3002,106939,27.4,-6.40
E07000082,Stroud,379361,203473,20909,13517,9028,13879,5638,17118,38746,2269,100195,38.7,4.88
E07000083,Tewkesbury,394038,227458,17531,10717,7566,11500,4432,13455,27744,1938,77352,35.9,2.07
E07000084,Basingstoke and Deane,455819,153006,35347,21302,15914,21571,7405,27027,52806,3782,149807,35.2,1.45
E07000085,East Hampshire,473316,131076,21914,13605,9076,15052,4996,18474,40207,2420,103830,38.7,4.93
E07000086,Eastleigh,447331,115065,26111,15155,11209,16397,7251,21007,36540,2775,110334,33.1,-0.68
E07000087,Fareham,454571,106165,18875,13246,9376,13952,6292,18423,31910,2435,95634,33.4,-0.43
E07000088,Gosport,459361,100995,14741,11695,8504,10664,4495,13322,16648,1883,67211,24.8,-9.03
E07000089,Hart,476958,154529,19080,8742,7066,11310,3800,14320,33217,1872,80327,41.4,7.56
E07000090,Havant,471226,104842,21343,20492,11643,15718,6593,18281,27262,2876,102865,26.5,-7.29
E07000091,New Forest,426464,106633,27041,23951,15276,22002,10396,26369,46380,4370,148744,31.2,-2.61
E07000092,Rushmoor,486069,153516,18885,14803,9582,11523,4515,13850,24115,2483,80871,29.8,-3.98
E07000093,Test Valley,434314,136669,23741,15047,10487,15329,5805,19252,38099,2733,106752,35.7,1.89
E07000094,Winchester,454712,125708,22693,11624,7320,12998,4209,19439,47033,2127,104750,44.9,11.10
E07000095,Broxbourne,534904,204646,19570,16557,9349,11727,4508,13270,21689,2337,79437,27.3,-6.49
E07000096,Dacorum,500758,209858,31301,18167,12499,17595,5928,19844,46745,3002,123780,37.8,3.97
E07000098,Hertsmere,518976,199022,21635,13778,7921,11396,3825,12741,34134,2396,86191,39.6,5.81
E07000099,North Hertfordshire,524291,230523,25467,14652,9987,14358,4833,16645,44740,2526,107741,41.5,7.73
E07000102,Three Rivers,506561,196949,18768,10022,6539,9838,3331,11479,32023,1771,75003,42.7,8.90
E07000103,Watford,510556,197803,21282,12841,7463,9965,3296,11677,33256,2465,80963,41.1,7.28
E07000105,Ashford,596857,139969,25978,18829,12098,16412,5952,18232,32148,3095,106766,30.1,-3.68
E07000106,Canterbury,616375,158359,24655,21555,11845,16598,6456,28827,43896,3598,132775,33.1,-0.74
E07000107,Dartford,556785,172676,26055,14717,10008,13850,5055,15187,29362,2521,90700,32.4,-1.42
E07000108,Dover,629815,151044,20279,18706,10741,14905,5682,17218,25951,2927,96130,27.0,-6.80
E07000109,Gravesham,566746,170115,22346,17186,10086,12846,4954,13962,22572,2948,84554,26.7,-7.10
E07000110,Maidstone,580248,151563,33646,24786,15510,21706,8547,24906,42531,4148,142134,29.9,-3.87
E07000111,Sevenoaks,551567,155211,23911,15087,9281,14060,4641,15101,36073,2360,96603,37.3,3.55
E07000112,Folkestone and Hythe,610024,132599,18203,17756,10642,13599,5791,15793,25068,2907,91556,27.4,-6.42
E07000113,Swale,595988,164044,29677,26824,15032,18975,7665,21027,28911,3566,122000,23.7,-10.10
E07000114,Thanet,632674,166985,25170,24990,13332,16646,7147,19294,30376,3632,115417,26.3,-7.48
E07000115,Tonbridge and Malling,564511,155282,26675,16324,11163,16681,5851,18458,34332,2717,105526,32.5,-1.26
E07000116,Tunbridge Wells,570254,137789,22909,12454,7996,13396,3874,14385,38010,2285,92400,41.1,7.34
E07000117,Burnley,385506,431414,19447,18347,8368,10415,4920,12610,18299,2240,75199,24.3,-9.46
E07000118,Chorley,357265,418497,21363,15422,9007,13468,6465,17264,32614,2129,96369,33.8,0.05
E07000119,Fylde,339324,432384,12127,11117,6406,9605,4387,12055,23868,1809,69247,34.5,0.67
E07000120,Hyndburn,374414,429238,16602,14951,6845,9321,4778,11527,16514,1696,65632,25.2,-8.63
E07000121,Lancaster,353328,463919,23291,18885,10307,14998,6790,27060,38664,2937,119641,32.3,-1.48
E07000122,Pendle,387886,441045,20535,18639,8006,9740,4852,12521,19085,2379,75222,25.4,-8.42
E07000123,Preston,354185,435253,29166,23079,11143,15243,6411,21665,37641,3487,118669,31.7,-2.08
E07000124,Ribble Valley,370849,445761,10099,6802,4059,6746,3472,8863,20456,1064,51462,39.7,5.95
E07000125,Rossendale,382473,421988,13572,10672,5433,8145,3651,10561,17565,1271,57298,30.7,-3.14
E07000126,South Ribble,353203,425975,19536,14356,8782,12886,6678,17422,29235,2140,91499,32.0,-1.84
E07000127,West Lancashire,341717,412911,19094,17485,9061,13457,5776,20675,29460,2418,98332,30.0,-3.84
E07000128,Wyre,344008,445536,17595,18693,9497,13859,6726,16519,26682,2375,94351,28.3,-5.52
E07000129,Blaby,452852,297375,19260,14463,8373,11882,5944,15427,25547,2031,83667,30.5,-3.26
E07000130,Charnwood,457739,315833,30871,24122,13858,18970,8982,33746,49884,3538,153100,32.6,-1.21
E07000131,Harborough,467383,293977,17197,10937,7232,11248,4832,13900,30387,1892,80428,37.8,3.99
E07000132,Hinckley and Bosworth,441354,302271,19722,17207,10026,13584,6196,16900,27630,2375,93918,29.4,-4.38
E07000133,Melton,477226,322729,8806,7034,4293,6303,2893,7908,13349,1166,42946,31.1,-2.71
E07000134,North West Leicestershire,440239,317453,18540,15813,8570,12133,5566,16173,25818,2092,86165,30.0,-3.83
E07000135,Oadby and Wigston,461524,299185,10537,8771,4581,6035,2692,8731,15123,1277,47210,32.0,-1.76
E07000136,Boston,532926,343714,12918,15921,7317,8274,4241,8157,10963,2711,57584,19.0,-14.76
E07000137,East Lindsey,535540,374440,20878,30632,13930,18400,8542,20068,26133,3713,121418,21.5,-12.27
E07000138,Lincoln,496573,370718,16746,15135,8461,11149,4845,22253,22943,2281,87067,26.4,-7.44
E07000139,North Kesteven,504210,354897,20059,15887,9741,14570,6344,19662,29278,2533,98015,29.9,-3.92
E07000140,South Holland,532780,324067,16124,19399,9844,12424,5601,12675,15866,3188,78997,20.1,-13.71
E07000141,South Kesteven,499893,329594,25394,19963,12432,17947,7707,21236,35554,3174,118013,30.1,-3.67
E07000142,West Lindsey,501339,389522,16036,14326,8194,11616,5360,14323,23191,2107,79117,29.3,-4.48
E07000143,Breckland,592273,302678,23624,26228,14196,18382,8066,19911,27207,3862,117852,23.1,-10.71
E07000144,Broadland,623735,316663,21215,19415,12253,17364,8114,20032,30320,3008,110506,27.4,-6.36
E07000145,Great Yarmouth,647815,311075,17029,21926,10744,12935,5971,13209,15091,2843,82719,18.2,-15.55
E07000146,King's Lynn and West Norfolk,566910,317216,25433,30136,15595,19503,8226,21172,30036,4224,128892,23.3,-10.49
E07000147,North Norfolk,613546,332832,13835,18332,10337,13574,6300,14426,23391,2787,89147,26.2,-7.56
E07000148,Norwich,622020,308886,23159,20617,11147,14453,5181,25170,41202,2992,120762,34.1,0.32
E07000149,South Norfolk,622377,295780,24729,19996,11816,17561,7045,20294,37556,2951,117219,32.0,-1.76
E07000163,Craven,388715,464893,8643,7032,4260,6406,3114,8257,18165,1050,48284,37.6,3.83
E07000164,Hambleton,444420,488149,13706,11686,6806,10321,4998,13201,28170,1799,76981,36.6,2.80
E07000165,Harrogate,426573,463534,27362,18605,11298,18794,7425,21872,54047,3264,135305,39.9,6.15
E07000166,Richmondshire,404370,496225,8036,6425,3904,6097,2892,7766,13702,954,41740,32.8,-0.97
E07000167,Ryedale,475009,480011,8382,8210,4381,6730,3010,7555,15303,1135,46324,33.0,-0.76
E07000168,Scarborough,488815,497619,16626,18938,9288,13002,7486,15466,25365,2565,92110,27.5,-6.26
E07000169,Selby,457071,432688,16556,12094,7686,11027,4976,13710,24194,1743,75430,32.1,-1.72
E07000170,Ashfield,449768,355201,23454,24281,12299,16138,6949,18393,22185,2602,102847,21.6,-12.22
E07000171,Bassetlaw,469431,382275,20437,21013,10651,14392,6514,16961,24848,2988,97367,25.5,-8.28
E07000172,Broxtowe,449657,342283,18400,16079,8758,11486,5535,16771,31640,2270,92539,34.2,0.40
E07000173,Gedling,459166,348277,20806,17002,9337,13327,5965,17661,30727,2439,96458,31.9,-1.94
E07000174,Mansfield,455327,364075,20312,21910,10542,13216,5898,15853,19902,2849,90170,22.1,-11.72
E07000175,Newark and Sherwood,472378,359080,20988,19448,10577,14913,6360,18403,29579,2687,101967,29.0,-4.79
E07000176,Rushcliffe,464834,334124,21354,11727,6924,11725,4378,16649,44227,2094,97724,45.3,11.46
E07000177,Cherwell,449860,229130,30428,20951,13727,18169,7305,20982,45840,3614,130588,35.1,1.31
E07000178,Oxford,452441,206500,25322,17204,8339,10389,3798,28127,65698,3163,136718,48.1,14.26
E07000179,South Oxfordshire,464397,193175,27594,15109,10349,15412,5837,19105,52950,2729,121491,43.6,9.79
E07000180,Vale of White Horse,438787,192976,26486,14092,9588,13750,5595,17367,49504,2530,112426,44.0,10.24
E07000181,West Oxfordshire,434067,215553,20428,13058,8896,12617,5076,16106,35913,2143,93809,38.3,4.49
E07000187,Mendip,362056,144991,20038,15504,9097,14339,5478,16704,32616,2313,96051,34.0,0.16
E07000188,Sedgemoor,333465,143276,21562,20290,11654,16176,7042,18553,27081,2985,103781,26.1,-7.70
E07000189,South Somerset,350246,121192,28858,23749,15108,21995,10407,25900,42574,4078,143811,29.6,-4.19
E07000192,Cannock Chase,401418,312745,18041,18134,9826,13079,4989,15521,18748,2181,82478,22.7,-11.06
E07000193,East Staffordshire,412763,329519,23511,20231,10759,14594,6021,17079,28826,2998,100508,28.7,-5.12
E07000194,Lichfield,413297,310036,17840,15110,8930,12487,4743,15241,29789,2296,88596,33.6,-0.17
E07000195,Newcastle-under-Lyme,378749,344081,20116,20689,9991,14052,6883,20200,28938,2430,103183,28.0,-5.75
E07000196,South Staffordshire,388140,303026,17100,18011,9515,13510,5924,16424,27448,2540,93372,29.4,-4.40
E07000197,Stafford,388230,327866,23251,17910,10712,15946,6417,19756,39860,3014,113615,35.1,1.29
E07000198,Staffordshire Moorlands,401331,353540,14990,16223,7840,11441,5730,14491,22944,2189,80858,28.4,-5.42
E07000199,Tamworth,421984,303220,14856,13899,8284,10718,3495,11728,13953,1714,63791,21.9,-11.92
E07000200,Babergh,599986,243163,14962,13491,8642,12142,4783,13410,22817,2092,77377,29.5,-4.31
E07000202,Ipswich,616698,244356,27809,24251,13437,16100,7015,18241,29295,3493,111832,26.2,-7.60
E07000203,Mid Suffolk,611211,265459,16394,15185,9148,12784,5345,15667,25917,2259,86305,30.0,-3.77
E07000207,Elmbridge,512060,163238,29980,11753,7048,12442,3515,14811,56677,2528,108774,52.1,18.31
E07000208,Epsom and Ewell,521188,161461,16331,8246,5106,8177,2628,10110,28642,1698,64607,44.3,10.54
E07000209,Guildford,500446,150851,24295,13540,8646,13528,4686,23554,52620,2783,119357,44.1,10.29
E07000210,Mole Valley,517049,147214,15047,8901,6236,9857,3209,11182,31214,1740,72339,43.1,9.35
E07000211,Reigate and Banstead,526286,152009,30717,15765,10997,17047,5244,19632,48338,3106,120129,40.2,6.44
E07000212,Runnymede,501617,167042,15361,10528,6543,9130,3400,15509,25643,1964,72717,35.3,1.47
E07000213,Spelthorne,506652,170605,19594,14012,9231,12028,4367,13227,27996,2501,83362,33.6,-0.21
E07000214,Surrey Heath,492648,161313,16669,9643,7076,10557,3326,12377,28929,1876,73784,39.2,5.41
E07000215,Tandridge,536712,149345,17048,9787,6662,10727,3098,12267,26516,1769,70826,37.4,3.64
E07000216,Waverley,495682,139877,24594,11859,7531,13644,4078,15825,48292,2405,103634,46.6,12.80
E07000217,Woking,500423,158249,20961,10993,7003,10324,3209,12138,37112,2202,82981,44.7,10.93
E07000218,North Warwickshire,425346,294421,11137,11954,6217,8265,3281,9482,13387,1312,53898,24.8,-8.96
E07000219,Nuneaton and Bedworth,435701,289373,25609,24568,12912,16263,6746,18440,26577,3081,108587,24.5,-9.32
E07000220,Rugby,445826,276476,22176,14451,8974,12919,5873,15159,32174,2640,92190,34.9,1.10
E07000221,Stratford-on-Avon,425910,253437,22086,16230,9845,15155,5664,18532,44455,2758,112639,39.5,5.67
E07000222,Warwick,428512,268090,25201,15548,9022,13233,5157,21832,55685,2775,123252,45.2,11.38
E07000223,Adur,519857,106296,11591,10333,6065,7949,3325,9055,14784,1440,52951,27.9,-5.88
E07000224,Arun,500922,105536,25335,27534,16142,21323,9101,23983,36839,4630,139552,26.4,-7.40
E07000225,Chichester,488437,116059,19358,15536,9263,14360,5336,18587,38992,2636,104710,37.2,3.44
E07000226,Crawley,527313,137822,24924,16682,12423,15256,4895,15358,25773,3180,93567,27.5,-6.25
E07000227,Horsham,514696,122819,26115,15075,11412,18801,5837,21877,44615,3047,120664,37.0,3.18
E07000228,Mid Sussex,531427,126224,29250,14457,11498,18511,5769,22257,47689,3135,123316,38.7,4.88
E07000229,Worthing,513043,104470,18983,14977,9868,14057,5009,16416,29318,2710,92355,31.7,-2.05
E07000234,Bromsgrove,398961,273791,18082,12725,7355,11428,4338,13476,29698,2081,81101,36.6,2.82
E07000235,Malvern Hills,376452,253907,12366,9778,5781,9379,3689,10781,26021,1691,67120,38.8,4.97
E07000236,Redditch,403427,264902,16785,14605,8168,11026,4119,12108,18162,2063,70251,25.9,-7.94
E07000237,Worcester,385680,255359,18265,14869,7892,11506,4558,15703,28872,2207,85607,33.7,-0.07
E07000238,Wychavon,396608,251844,21775,19535,11321,15311,6464,18393,36591,3102,110717,33.0,-0.75
E07000239,Wyre Forest,381336,275771,17044,18419,9053,12683,5610,14402,22057,2339,84563,26.1,-7.71
E07000240,St Albans,514441,209482,32078,11783,7775,13318,4003,15218,61536,2458,116091,53.0,19.21
E07000241,Welwyn Hatfield,524698,209206,22352,13975,8998,12533,4352,18576,36378,2672,97484,37.3,3.52
E07000242,East Hertfordshire,537205,220364,29006,16756,11407,17400,5691,20392,46724,2782,121152,38.6,4.77
E07000243,Stevenage,524559,224521,18259,12113,9213,10908,3836,12205,21096,1865,71236,29.6,-4.18
E07000244,East Suffolk,636456,265500,39339,40105,23295,31039,14261,34993,56968,6058,206719,27.6,-6.24
E07000245,West Suffolk,578957,267629,31821,31016,16000,20814,9349,23853,42235,4861,148128,28.5,-5.28
E07000246,Somerset West and Taunton,304672,132836,26150,21532,12641,20160,7892,22628,42630,3812,131295,32.5,-1.33
E08000001,Bolton,369187,409211,63674,52451,24792,32352,14327,38190,63678,6497,232287,27.4,-6.38
E08000002,Bury,379434,410155,38978,28706,15069,22659,8605,25587,50036,4211,154873,32.3,-1.49
E08000003,Manchester,384645,394923,113980,86110,34988,45164,15322,79621,164763,11990,437958,37.6,3.83
E08000004,Oldham,396668,406152,55053,46208,20672,26021,11939,30829,46023,5343,187035,24.6,-9.19
E08000005,Rochdale,389646,413331,48826,40649,18414,24559,10564,29467,46238,5056,174947,26.4,-7.37
E08000006,Salford,375503,399266,53000,42829,20027,27231,11687,36911,72678,5560,216923,33.5,-0.29
E08000007,Stockport,391577,388561,55846,37081,21831,32340,13923,38563,89741,5448,238927,37.6,3.76
E08000008,Tameside,395938,397900,45936,40437,20811,28050,12776,32847,45214,5000,185135,24.4,-9.37
E08000009,Trafford,376532,391465,48901,25990,15309,23608,8931,28141,79961,4211,186151,43.0,9.16
E08000010,Wigan,361033,403243,60636,56571,28257,41466,18997,47383,69357,6663,268694,25.8,-7.98
E08000011,Knowsley,344694,392430,30220,32600,13203,17898,6817,21411,29578,2792,124299,23.8,-10.00
E08000012,Liverpool,339133,389144,83060,90049,34955,46141,17624,80909,124150,9200,403028,30.8,-2.99
E08000013,St. Helens,352124,396102,32677,32245,15613,22079,9728,26153,40903,3850,150571,27.2,-6.63
E08000014,Sefton,332846,408176,46843,45890,23885,32729,13808,40580,69495,6005,232392,29.9,-3.89
E08000015,Wirral,327405,386273,58088,46894,25282,38576,15663,46887,82451,6359,262112,31.5,-2.34
E08000016,Barnsley,431083,404470,44782,50329,21589,28977,13193,33652,46798,5252,199790,23.4,-10.37
E08000017,Doncaster,460041,405684,57181,61805,28721,37907,16765,41594,56931,7205,250928,22.7,-11.11
E08000018,Rotherham,447556,390471,50234,50529,24545,33613,14398,36879,49807,5802,215573,23.1,-10.69
E08000019,Sheffield,430011,389797,100271,88425,41454,53589,24865,84712,152194,11011,456250,33.4,-0.44
E08000021,Newcastle upon Tyne,421988,568195,51675,46232,19729,25891,11943,52768,86063,5824,248450,34.6,0.84
E08000022,North Tyneside,430940,570503,37455,29968,16025,24300,11773,28969,56375,4102,171512,32.9,-0.93
E08000023,South Tyneside,435717,563346,26484,24849,12323,17393,9706,22265,31707,3049,121292,26.1,-7.65
E08000024,Sunderland,435242,554109,48101,51666,24530,33553,16312,38679,55532,5799,226071,24.6,-9.23
E08000025,Birmingham,408620,287849,255296,212198,90079,111212,32425,152046,265806,25857,889623,29.9,-3.92
E08000026,Coventry,432736,280037,68451,53671,27542,34920,14284,52525,84691,9240,276873,30.6,-3.21
E08000027,Dudley,392753,287253,61000,60569,28475,39480,15703,45064,65589,7608,262488,25.0,-8.81
E08000028,Sandwell,399516,290879,75804,76839,30586,36175,12758,39465,60316,9889,266028,22.7,-11.12
E08000029,Solihull,418611,279457,41739,30642,16623,24691,8069,28266,61847,4365,174503,35.4,1.65
E08000030,Walsall,402370,300150,61024,58781,25619,31738,11823,35038,52903,7198,223100,23.7,-10.08
E08000031,Wolverhampton,391927,299026,55285,52803,22947,28741,10241,31391,54712,7606,208441,26.2,-7.55
E08000032,Bradford,409656,438737,124837,101122,46051,57458,22777,66275,115663,12228,421574,27.4,-6.36
E08000033,Calderdale,401827,424977,39997,31965,16313,23351,10524,29096,51419,3966,166634,30.9,-2.94
E08000034,Kirklees,415745,414567,86941,71832,33776,46112,21655,60187,103532,9180,346274,29.9,-3.90
E08000035,Leeds,432624,436701,153483,119597,60190,79192,34353,120782,228358,15996,658468,34.7,0.88
E08000036,Wakefield,438985,418409,65832,70233,31086,42945,18709,46794,69797,7975,287539,24.3,-9.52
E08000037,Gateshead,420364,560133,34403,34975,16022,22280,11629,27436,45246,4158,161746,28.0,-5.82
E09000001,City of London,532539,181164,579,529,223,392,80,708,5939,135,8006,74.2,40.39
E09000002,Barking and Dagenham,548056,184924,57124,36796,16752,20367,6260,21819,53791,5961,161746,33.3,-0.54
E09000003,Barnet,524095,192314,79990,47762,21302,30687,9630,38541,151642,9790,309354,49.0,15.22
E09000004,Bexley,548955,175730,50645,35582,21413,28535,10225,32511,61837,5722,195825,31.6,-2.22
E09000005,Brent,520189,185924,64673,59770,24296,26148,9529,34338,109998,11064,275143,40.0,6.18
E09000006,Bromley,542864,165667,64903,36581,23030,35258,10559,39420,113508,6732,265088,42.8,9.02
E09000007,Camden,527931,184580,32228,20948,8996,12776,3402,25154,101932,4701,177909,57.3,23.50
E09000008,Croydon,533300,163557,80321,49877,28370,38241,11786,45535,127342,9246,310397,41.0,7.23
E09000009,Ealing,515931,181701,71744,52925,23821,27461,10012,37920,130981,12251,295371,44.3,10.55
E09000010,Enfield,532411,196432,72802,57813,24151,29005,10055,34476,93371,8311,257182,36.3,2.51
E09000011,Greenwich,542847,177046,59321,38319,18349,23747,7937,30154,104926,6316,229748,45.7,11.87
E09000012,Hackney,534348,185478,49678,35043,12782,17449,4938,24171,109724,5361,209468,52.4,18.59
E09000013,Hammersmith and Fulham,523529,178905,28530,18332,7892,11387,3534,20165,89043,4273,154626,57.6,23.79
E09000014,Haringey,531225,189614,48238,39921,14732,18392,6781,25260,104270,6644,216000,48.3,14.48
E09000015,Harrow,514912,190121,51582,36454,17150,21857,6656,26422,94317,6764,209620,45.0,11.20
E09000016,Havering,554032,187245,52322,41947,23453,31228,10778,34125,61921,6278,209730,29.5,-4.27
E09000017,Hillingdon,507905,183585,64031,43906,23872,28514,10298,35836,90664,8788,241878,37.5,3.69
E09000018,Hounslow,513589,175668,59500,42630,21674,23390,8090,28046,95076,9775,228681,41.6,7.78
E09000019,Islington,531145,185005,32963,25257,10273,13146,4212,22337,103975,4426,183626,56.6,22.83
E09000020,Kensington and Chelsea,525606,179504,20286,13971,5446,8803,2378,15439,73226,3826,123089,59.5,25.69
E09000021,Kingston upon Thames,519327,166705,32599,16128,8744,13319,4324,19766,69582,3603,135466,51.4,17.57
E09000022,Lambeth,530807,174499,48710,35185,16252,21025,6973,31935,151312,6263,268945,56.3,22.47
E09000023,Lewisham,537676,174051,58142,35447,17738,23426,7261,31537,120814,6187,242410,49.8,16.04
E09000024,Merton,525579,169458,42415,24609,12368,16510,5752,21786,86412,5334,172771,50.0,16.22
E09000025,Newham,541466,182855,74863,57151,24931,28082,8619,35783,111130,10478,276174,40.2,6.44
E09000026,Redbridge,543919,189405,68243,41948,20878,27163,7557,33074,102696,8701,242017,42.4,8.64
E09000027,Richmond upon Thames,517367,172867,39444,14163,7779,14029,3743,18830,94089,3201,155834,60.4,26.58
E09000028,Southwark,533829,176738,51501,35516,15851,20135,6509,31574,140514,6037,256136,54.9,21.06
E09000029,Sutton,526964,164120,43982,25122,15348,21432,7281,25866,65889,4719,165657,39.8,5.98
E09000030,Tower Hamlets,536495,181509,57423,40999,17155,21433,5441,33343,127299,7213,252883,50.3,16.54
E09000031,Waltham Forest,537726,190195,56244,40535,18874,23106,7699,28770,95910,7288,222182,43.2,9.37
E09000032,Wandsworth,526055,174145,53948,27202,12759,18895,5578,31214,171346,6564,273558,62.6,28.84
E09000033,Westminster,527739,181005,26769,22882,8615,12181,3746,22019,102356,5668,177467,57.7,23.88
W06000001,Isle of Anglesey,241795,379205,11731,10270,4828,8455,3752,9930,18445,1467,57147,32.3,-1.52
W06000002,Gwynedd,263903,334963,19424,15937,7421,14302,5715,18370,33807,2416,97968,34.5,0.71
W06000003,Conwy,283987,361802,18377,17998,8317,13890,6111,15948,31232,2868,96364,32.4,-1.39
W06000004,Denbighshire,309404,355776,16909,15668,7175,11990,4966,12903,24010,2196,78908,30.4,-3.37
W06000005,Flintshire,322419,369649,27384,23373,12648,19486,8431,22746,37209,3685,127578,29.2,-4.63
W06000006,Wrexham,331795,344142,24843,23095,10473,16995,6816,17690,32037,3169,110275,29.1,-4.74
W06000008,Ceredigion,258574,263991,10084,9036,4513,8411,3297,13036,21653,1445,61391,35.3,1.48
W06000009,Pembrokeshire,201312,221152,20809,19283,9333,15533,6373,17462,31991,2576,102551,31.2,-2.60
W06000010,Carmarthenshire,251227,224511,32411,31165,13267,23691,9652,25018,48644,4049,155486,31.3,-2.51
W06000011,Swansea,257445,195641,40633,37304,15552,27362,11525,36055,64835,5228,197861,32.8,-1.03
W06000012,Neath Port Talbot,279564,199348,25107,27722,10667,17359,7557,20433,30280,3164,117182,25.8,-7.96
W06000013,Bridgend,289150,185340,26006,25993,10624,17717,6572,19477,35852,3247,119482,30.0,-3.79
W06000014,Vale of Glamorgan,302809,172697,24482,16740,8902,15459,5671,17835,40062,2788,107457,37.3,3.49
W06000015,Cardiff,316778,179542,65995,48399,20457,32900,11522,56856,118529,7650,296313,40.0,6.21
W06000016,Rhondda Cynon Taf,300745,195665,43808,46915,18283,29121,9966,32637,51749,5170,193841,26.7,-7.10
W06000018,Caerphilly,316753,195610,32470,34625,14433,22242,7889,24146,36306,3841,143482,25.3,-8.49
W06000019,Blaenau Gwent,317699,208201,11760,15376,5980,8554,3151,8647,11892,1544,55144,21.6,-12.23
W06000020,Torfaen,327301,200555,17163,16631,7697,11458,4311,12736,20128,2152,75113,26.8,-7.00
W06000021,Monmouthshire,340238,206911,14718,12315,6463,10589,3958,12172,30809,1933,78239,39.4,5.58
W06000022,Newport,333448,186541,32169,27690,11741,18188,6498,19978,39544,3784,127423,31.0,-2.76
W06000023,Powys,303993,270454,20633,21316,9694,16747,6868,19125,35849,2937,112536,31.9,-1.94
W06000024,Merthyr Tydfil,306153,205467,11162,12831,4556,6911,2713,7453,11911,1299,47674,25.0,-8.81